[{"name": "glib-2.0", "version": "2.64.3", "compile_args": ["-I/usr/include/glib-2.0", "-I/usr/lib64/glib-2.0/include"], "link_args": ["/usr/lib64/libglib-2.0.so"]}, {"name": "gio-unix-2.0", "version": "2.64.3", "compile_args": ["-I/usr/include/gio-unix-2.0", "-I/usr/include/glib-2.0", "-I/usr/lib64/glib-2.0/include", "-pthread", "-I/usr/include/libmount", "-I/usr/include/blkid"], "link_args": ["/usr/lib64/libgio-2.0.so", "/usr/lib64/libgobject-2.0.so", "/usr/lib64/libglib-2.0.so"]}, {"name": "gobject-2.0", "version": "2.64.3", "compile_args": ["-I/usr/include/glib-2.0", "-I/usr/lib64/glib-2.0/include"], "link_args": ["/usr/lib64/libgobject-2.0.so", "/usr/lib64/libglib-2.0.so"]}, {"name": "gusb", "version": "0.3.4", "compile_args": ["-I/usr/include/gusb-1", "-I/usr/include/glib-2.0", "-I/usr/lib64/glib-2.0/include", "-pthread", "-I/usr/include/libmount", "-I/usr/include/blkid", "-I/usr/include/libusb-1.0"], "link_args": ["/usr/lib64/libgusb.so", "/usr/lib64/libgio-2.0.so", "/usr/lib64/libgobject-2.0.so", "/usr/lib64/libglib-2.0.so", "/usr/lib64/libusb-1.0.so"]}, {"name": "cairo", "version": "1.16.0", "compile_args": ["-I/usr/include/cairo", "-I/usr/include/glib-2.0", "-I/usr/lib64/glib-2.0/include", "-I/usr/include/pixman-1", "-I/usr/include/freetype2", "-I/usr/include/libpng16"], "link_args": ["/usr/lib64/libcairo.so"]}, {"name": "pixman-1", "version": "0.40.0", "compile_args": ["-I/usr/include/pixman-1"], "link_args": ["/usr/lib64/libpixman-1.so"]}, {"name": "nss", "version": "3.53.0", "compile_args": ["-I/usr/include/nss3", "-I/usr/include/nspr4"], "link_args": ["/usr/lib64/libssl3.so", "/usr/lib64/libsmime3.so", "/usr/lib64/libnss3.so", "/usr/lib64/libnssutil3.so", "/usr/lib64/libplds4.so", "/usr/lib64/libplc4.so", "/usr/lib64/libnspr4.so", "-lpthread", "-ldl"]}, {"name": "openssl", "version": "1.1.1g", "compile_args": [], "link_args": ["/usr/lib64/libssl.so", "/usr/lib64/libcrypto.so"]}, {"name": "udev", "version": "245", "compile_args": [], "link_args": []}]