[{"name": "fp-enums.c", "id": "642ed89@@fp-enums.c@cus", "type": "custom", "defined_in": "/home/minux/Downloads/libfprint/libfprint/meson.build", "filename": ["/home/minux/Downloads/libfprint/_build/libfprint/fp-enums.c"], "build_by_default": false, "target_sources": [{"language": "unknown", "compiler": ["/usr/bin/glib-mkenums", "--fhead", "#include \"fp-enums.h\"\n#include \"fp-context.h\"\n#include \"fp-device.h\"\n#include \"fp-image-device.h\"\n#include \"fp-image.h\"\n#include \"fp-print.h\"\n\n#define C_ENUM(v) ((gint) v)\n#define C_FLAGS(v) ((guint) v)\n", "--fprod", "\n/* enumerations from \"@basename@\" */\n", "--vhead", "\nGType\n@enum_name@_get_type (void)\n{\n  static volatile gsize gtype_id = 0;\n  static const G@Type@Value values[] = {", "--vprod", "    { C_@TYPE@(@VALUENAME@), \"@VALUENAME@\", \"@valuenick@\" },", "--vtail", "    { 0, NULL, NULL }\n  };\n  if (g_once_init_enter (&gtype_id)) {\n    GType new_type = g_@type@_register_static (g_intern_static_string (\"@EnumName@\"), values);\n    g_once_init_leave (&gtype_id, new_type);\n  }\n  return (GType) gtype_id;\n}", "@INPUT@"], "parameters": [], "sources": ["/home/minux/Downloads/libfprint/fp-context.h", "/home/minux/Downloads/libfprint/fp-device.h", "/home/minux/Downloads/libfprint/fp-image-device.h", "/home/minux/Downloads/libfprint/fp-image.h", "/home/minux/Downloads/libfprint/fp-print.h"], "generated_sources": []}], "subproject": null, "installed": false}, {"name": "fp-enums.h", "id": "642ed89@@fp-enums.h@cus", "type": "custom", "defined_in": "/home/minux/Downloads/libfprint/libfprint/meson.build", "filename": ["/home/minux/Downloads/libfprint/_build/libfprint/fp-enums.h"], "build_by_default": true, "target_sources": [{"language": "unknown", "compiler": ["/usr/bin/glib-mkenums", "--fhead", "#pragma once\n\n#include <glib-object.h>\n\n\nG_BEGIN_DECLS\n", "--fprod", "\n/* enumerations from \"@basename@\" */\n", "--vhead", "\n\nGType @enum_name@_get_type (void);\n#define @ENUMPREFIX@_TYPE_@ENUMSHORT@ (@enum_name@_get_type())", "--ftail", "\nG_END_DECLS", "@INPUT@"], "parameters": [], "sources": ["/home/minux/Downloads/libfprint/fp-context.h", "/home/minux/Downloads/libfprint/fp-device.h", "/home/minux/Downloads/libfprint/fp-image-device.h", "/home/minux/Downloads/libfprint/fp-image.h", "/home/minux/Downloads/libfprint/fp-print.h"], "generated_sources": []}], "subproject": null, "installed": true, "install_filename": ["/usr/local/include/libfprint-2/fp-enums.h"]}, {"name": "fpi-enums.c", "id": "642ed89@@fpi-enums.c@cus", "type": "custom", "defined_in": "/home/minux/Downloads/libfprint/libfprint/meson.build", "filename": ["/home/minux/Downloads/libfprint/_build/libfprint/fpi-enums.c"], "build_by_default": false, "target_sources": [{"language": "unknown", "compiler": ["/usr/bin/glib-mkenums", "--fhead", "#include \"fpi-enums.h\"\n#include \"fpi-assembling.h\"\n#include \"fpi-byte-reader.h\"\n#include \"fpi-byte-utils.h\"\n#include \"fpi-byte-writer.h\"\n#include \"fpi-compat.h\"\n#include \"fpi-context.h\"\n#include \"fpi-device.h\"\n#include \"fpi-image-device.h\"\n#include \"fpi-image.h\"\n#include \"fpi-log.h\"\n#include \"fpi-minutiae.h\"\n#include \"fpi-print.h\"\n#include \"fpi-usb-transfer.h\"\n#include \"fpi-ssm.h\"\n\n#define C_ENUM(v) ((gint) v)\n#define C_FLAGS(v) ((guint) v)\n", "--fprod", "\n/* enumerations from \"@basename@\" */\n", "--vhead", "\nGType\n@enum_name@_get_type (void)\n{\n  static volatile gsize gtype_id = 0;\n  static const G@Type@Value values[] = {", "--vprod", "    { C_@TYPE@(@VALUENAME@), \"@VALUENAME@\", \"@valuenick@\" },", "--vtail", "    { 0, NULL, NULL }\n  };\n  if (g_once_init_enter (&gtype_id)) {\n    GType new_type = g_@type@_register_static (g_intern_static_string (\"@EnumName@\"), values);\n    g_once_init_leave (&gtype_id, new_type);\n  }\n  return (GType) gtype_id;\n}", "@INPUT@"], "parameters": [], "sources": ["/home/minux/Downloads/libfprint/fpi-assembling.h", "/home/minux/Downloads/libfprint/fpi-byte-reader.h", "/home/minux/Downloads/libfprint/fpi-byte-utils.h", "/home/minux/Downloads/libfprint/fpi-byte-writer.h", "/home/minux/Downloads/libfprint/fpi-compat.h", "/home/minux/Downloads/libfprint/fpi-context.h", "/home/minux/Downloads/libfprint/fpi-device.h", "/home/minux/Downloads/libfprint/fpi-image-device.h", "/home/minux/Downloads/libfprint/fpi-image.h", "/home/minux/Downloads/libfprint/fpi-log.h", "/home/minux/Downloads/libfprint/fpi-minutiae.h", "/home/minux/Downloads/libfprint/fpi-print.h", "/home/minux/Downloads/libfprint/fpi-usb-transfer.h", "/home/minux/Downloads/libfprint/fpi-ssm.h"], "generated_sources": []}], "subproject": null, "installed": false}, {"name": "fpi-enums.h", "id": "642ed89@@fpi-enums.h@cus", "type": "custom", "defined_in": "/home/minux/Downloads/libfprint/libfprint/meson.build", "filename": ["/home/minux/Downloads/libfprint/_build/libfprint/fpi-enums.h"], "build_by_default": false, "target_sources": [{"language": "unknown", "compiler": ["/usr/bin/glib-mkenums", "--fhead", "#pragma once\n\n#include <glib-object.h>\n\n\nG_BEGIN_DECLS\n", "--fprod", "\n/* enumerations from \"@basename@\" */\n", "--vhead", "\n\nGType @enum_name@_get_type (void);\n#define @ENUMPREFIX@_TYPE_@ENUMSHORT@ (@enum_name@_get_type())", "--ftail", "\nG_END_DECLS", "@INPUT@"], "parameters": [], "sources": ["/home/minux/Downloads/libfprint/fpi-assembling.h", "/home/minux/Downloads/libfprint/fpi-byte-reader.h", "/home/minux/Downloads/libfprint/fpi-byte-utils.h", "/home/minux/Downloads/libfprint/fpi-byte-writer.h", "/home/minux/Downloads/libfprint/fpi-compat.h", "/home/minux/Downloads/libfprint/fpi-context.h", "/home/minux/Downloads/libfprint/fpi-device.h", "/home/minux/Downloads/libfprint/fpi-image-device.h", "/home/minux/Downloads/libfprint/fpi-image.h", "/home/minux/Downloads/libfprint/fpi-log.h", "/home/minux/Downloads/libfprint/fpi-minutiae.h", "/home/minux/Downloads/libfprint/fpi-print.h", "/home/minux/Downloads/libfprint/fpi-usb-transfer.h", "/home/minux/Downloads/libfprint/fpi-ssm.h"], "generated_sources": []}], "subproject": null, "installed": false}, {"name": "nbis", "id": "642ed89@@nbis@sta", "type": "static library", "defined_in": "/home/minux/Downloads/libfprint/libfprint/meson.build", "filename": ["/home/minux/Downloads/libfprint/_build/libfprint/libnbis.a"], "build_by_default": true, "target_sources": [{"language": "c", "compiler": ["cc"], "parameters": ["-I/home/minux/Downloads/libfprint/_build/libfprint/642ed89@@nbis@sta", "-I/home/minux/Downloads/libfprint/_build/libfprint", "-I/home/minux/Downloads/libfprint/libfprint", "-I/home/minux/Downloads/libfprint/_build", "-I/home/minux/Downloads/libfprint", "-I/home/minux/Downloads/libfprint/_build/libfprint/nbis/include", "-I/home/minux/Downloads/libfprint/libfprint/nbis/include", "-I/home/minux/Downloads/libfprint/_build/libfprint/nbis/libfprint-include", "-I/home/minux/Downloads/libfprint/libfprint/nbis/libfprint-include", "-I/usr/include/gio-unix-2.0", "-I/usr/include/glib-2.0", "-I/usr/lib64/glib-2.0/include", "-I/usr/include/libmount", "-I/usr/include/blkid", "-I/usr/include/gusb-1", "-I/usr/include/libusb-1.0", "-I/usr/include/pixman-1", "-I/usr/include/nss3", "-I/usr/include/nspr4", "-fdiagnostics-color=always", "-pipe", "-D_FILE_OFFSET_BITS=64", "-Wall", "-Winvalid-pch", "-std=gnu99", "-O2", "-g", "-Wall", "-Wcast-align", "-Wformat-nonliteral", "-Wformat-security", "-Wformat=2", "-Wignored-qualifiers", "-Wlogical-op", "-Wmissing-declarations", "-Wmissing-format-attribute", "-Wmissing-include-dirs", "-Wmissing-noreturn", "-Wpointer-arith", "-Wshadow", "-Wtype-limits", "-Wundef", "-Wunused", "-Werror=address", "-Werror=array-bounds", "-Werror=empty-body", "-Werror=init-self", "-Werror=int-to-pointer-cast", "-Werror=main", "-Werror=missing-braces", "-Werror=nonnull", "-Werror=redundant-decls", "-Werror=return-type", "-Werror=sequence-point", "-Werror=trigraphs", "-Werror=write-strings", "-fno-strict-aliasing", "-DGLIB_VERSION_MIN_REQUIRED=GLIB_VERSION_2_56", "-DGLIB_VERSION_MAX_ALLOWED=GLIB_VERSION_2_56", "-D_GNU_SOURCE", "-DG_LOG_DOMAIN=\"libfprint\"", "-Wimplicit-function-declaration", "-Wmissing-prototypes", "-Wnested-externs", "-Wold-style-definition", "-Wstrict-prototypes", "-Werror=implicit", "-Werror=pointer-to-int-cast", "-fPIC", "-pthread", "-Wno-error=redundant-decls", "-Wno-redundant-decls", "-Wno-discarded-qualifiers"], "sources": ["/home/minux/Downloads/libfprint/libfprint/nbis/bozorth3/bozorth3.c", "/home/minux/Downloads/libfprint/libfprint/nbis/bozorth3/bz_alloc.c", "/home/minux/Downloads/libfprint/libfprint/nbis/bozorth3/bz_drvrs.c", "/home/minux/Downloads/libfprint/libfprint/nbis/bozorth3/bz_gbls.c", "/home/minux/Downloads/libfprint/libfprint/nbis/bozorth3/bz_io.c", "/home/minux/Downloads/libfprint/libfprint/nbis/bozorth3/bz_sort.c", "/home/minux/Downloads/libfprint/libfprint/nbis/mindtct/binar.c", "/home/minux/Downloads/libfprint/libfprint/nbis/mindtct/block.c", "/home/minux/Downloads/libfprint/libfprint/nbis/mindtct/chaincod.c", "/home/minux/Downloads/libfprint/libfprint/nbis/mindtct/contour.c", "/home/minux/Downloads/libfprint/libfprint/nbis/mindtct/detect.c", "/home/minux/Downloads/libfprint/libfprint/nbis/mindtct/dft.c", "/home/minux/Downloads/libfprint/libfprint/nbis/mindtct/free.c", "/home/minux/Downloads/libfprint/libfprint/nbis/mindtct/getmin.c", "/home/minux/Downloads/libfprint/libfprint/nbis/mindtct/globals.c", "/home/minux/Downloads/libfprint/libfprint/nbis/mindtct/imgutil.c", "/home/minux/Downloads/libfprint/libfprint/nbis/mindtct/init.c", "/home/minux/Downloads/libfprint/libfprint/nbis/mindtct/line.c", "/home/minux/Downloads/libfprint/libfprint/nbis/mindtct/link.c", "/home/minux/Downloads/libfprint/libfprint/nbis/mindtct/log.c", "/home/minux/Downloads/libfprint/libfprint/nbis/mindtct/loop.c", "/home/minux/Downloads/libfprint/libfprint/nbis/mindtct/maps.c", "/home/minux/Downloads/libfprint/libfprint/nbis/mindtct/matchpat.c", "/home/minux/Downloads/libfprint/libfprint/nbis/mindtct/minutia.c", "/home/minux/Downloads/libfprint/libfprint/nbis/mindtct/morph.c", "/home/minux/Downloads/libfprint/libfprint/nbis/mindtct/quality.c", "/home/minux/Downloads/libfprint/libfprint/nbis/mindtct/remove.c", "/home/minux/Downloads/libfprint/libfprint/nbis/mindtct/ridges.c", "/home/minux/Downloads/libfprint/libfprint/nbis/mindtct/shape.c", "/home/minux/Downloads/libfprint/libfprint/nbis/mindtct/sort.c", "/home/minux/Downloads/libfprint/libfprint/nbis/mindtct/util.c", "/home/minux/Downloads/libfprint/libfprint/nbis/mindtct/xytreps.c"], "generated_sources": []}], "subproject": null, "installed": false}, {"name": "fprint-private", "id": "642ed89@@fprint-private@sta", "type": "static library", "defined_in": "/home/minux/Downloads/libfprint/libfprint/meson.build", "filename": ["/home/minux/Downloads/libfprint/_build/libfprint/libfprint-private.a"], "build_by_default": true, "target_sources": [{"language": "c", "compiler": ["cc"], "parameters": ["-I/home/minux/Downloads/libfprint/_build/libfprint/642ed89@@fprint-private@sta", "-I/home/minux/Downloads/libfprint/_build/libfprint", "-I/home/minux/Downloads/libfprint/libfprint", "-I/home/minux/Downloads/libfprint/_build", "-I/home/minux/Downloads/libfprint", "-I/home/minux/Downloads/libfprint/_build/libfprint/nbis/include", "-I/home/minux/Downloads/libfprint/libfprint/nbis/include", "-I/home/minux/Downloads/libfprint/_build/libfprint/nbis/libfprint-include", "-I/home/minux/Downloads/libfprint/libfprint/nbis/libfprint-include", "-I/usr/include/gio-unix-2.0", "-I/usr/include/glib-2.0", "-I/usr/lib64/glib-2.0/include", "-I/usr/include/libmount", "-I/usr/include/blkid", "-I/usr/include/gusb-1", "-I/usr/include/libusb-1.0", "-I/usr/include/pixman-1", "-I/usr/include/nss3", "-I/usr/include/nspr4", "-fdiagnostics-color=always", "-pipe", "-D_FILE_OFFSET_BITS=64", "-Wall", "-Winvalid-pch", "-std=gnu99", "-O2", "-g", "-Wall", "-Wcast-align", "-Wformat-nonliteral", "-Wformat-security", "-Wformat=2", "-Wignored-qualifiers", "-Wlogical-op", "-Wmissing-declarations", "-Wmissing-format-attribute", "-Wmissing-include-dirs", "-Wmissing-noreturn", "-Wpointer-arith", "-Wshadow", "-Wtype-limits", "-Wundef", "-Wunused", "-Werror=address", "-Werror=array-bounds", "-Werror=empty-body", "-Werror=init-self", "-Werror=int-to-pointer-cast", "-Werror=main", "-Werror=missing-braces", "-Werror=nonnull", "-Werror=redundant-decls", "-Werror=return-type", "-Werror=sequence-point", "-Werror=trigraphs", "-Werror=write-strings", "-fno-strict-aliasing", "-DGLIB_VERSION_MIN_REQUIRED=GLIB_VERSION_2_56", "-DGLIB_VERSION_MAX_ALLOWED=GLIB_VERSION_2_56", "-D_GNU_SOURCE", "-DG_LOG_DOMAIN=\"libfprint\"", "-Wimplicit-function-declaration", "-Wmissing-prototypes", "-Wnested-externs", "-Wold-style-definition", "-Wstrict-prototypes", "-Werror=implicit", "-Werror=pointer-to-int-cast", "-fPIC", "-pthread"], "sources": ["/home/minux/Downloads/libfprint/libfprint/fpi-assembling.c", "/home/minux/Downloads/libfprint/libfprint/fpi-byte-reader.c", "/home/minux/Downloads/libfprint/libfprint/fpi-byte-writer.c", "/home/minux/Downloads/libfprint/libfprint/fpi-device.c", "/home/minux/Downloads/libfprint/libfprint/fpi-image-device.c", "/home/minux/Downloads/libfprint/libfprint/fpi-image.c", "/home/minux/Downloads/libfprint/libfprint/fpi-print.c", "/home/minux/Downloads/libfprint/libfprint/fpi-ssm.c", "/home/minux/Downloads/libfprint/libfprint/fpi-usb-transfer.c"], "generated_sources": ["/home/minux/Downloads/libfprint/_build/libfprint/fpi-enums.c"]}], "subproject": null, "installed": false}, {"name": "fprint-drivers", "id": "642ed89@@fprint-drivers@sta", "type": "static library", "defined_in": "/home/minux/Downloads/libfprint/libfprint/meson.build", "filename": ["/home/minux/Downloads/libfprint/_build/libfprint/libfprint-drivers.a"], "build_by_default": true, "target_sources": [{"language": "c", "compiler": ["cc"], "parameters": ["-I/home/minux/Downloads/libfprint/_build/libfprint/642ed89@@fprint-drivers@sta", "-I/home/minux/Downloads/libfprint/_build/libfprint", "-I/home/minux/Downloads/libfprint/libfprint", "-I/home/minux/Downloads/libfprint/_build", "-I/home/minux/Downloads/libfprint", "-I/home/minux/Downloads/libfprint/_build/libfprint/nbis/include", "-I/home/minux/Downloads/libfprint/libfprint/nbis/include", "-I/home/minux/Downloads/libfprint/_build/libfprint/nbis/libfprint-include", "-I/home/minux/Downloads/libfprint/libfprint/nbis/libfprint-include", "-I/usr/include/gio-unix-2.0", "-I/usr/include/glib-2.0", "-I/usr/lib64/glib-2.0/include", "-I/usr/include/libmount", "-I/usr/include/blkid", "-I/usr/include/gusb-1", "-I/usr/include/libusb-1.0", "-I/usr/include/pixman-1", "-I/usr/include/nss3", "-I/usr/include/nspr4", "-fdiagnostics-color=always", "-pipe", "-D_FILE_OFFSET_BITS=64", "-Wall", "-Winvalid-pch", "-std=gnu99", "-O2", "-g", "-Wall", "-Wcast-align", "-Wformat-nonliteral", "-Wformat-security", "-Wformat=2", "-Wignored-qualifiers", "-Wlogical-op", "-Wmissing-declarations", "-Wmissing-format-attribute", "-Wmissing-include-dirs", "-Wmissing-noreturn", "-Wpointer-arith", "-Wshadow", "-Wtype-limits", "-Wundef", "-Wunused", "-Werror=address", "-Werror=array-bounds", "-Werror=empty-body", "-Werror=init-self", "-Werror=int-to-pointer-cast", "-Werror=main", "-Werror=missing-braces", "-Werror=nonnull", "-Werror=redundant-decls", "-Werror=return-type", "-Werror=sequence-point", "-Werror=trigraphs", "-Werror=write-strings", "-fno-strict-aliasing", "-DGLIB_VERSION_MIN_REQUIRED=GLIB_VERSION_2_56", "-DGLIB_VERSION_MAX_ALLOWED=GLIB_VERSION_2_56", "-D_GNU_SOURCE", "-DG_LOG_DOMAIN=\"libfprint\"", "-Wimplicit-function-declaration", "-Wmissing-prototypes", "-Wnested-externs", "-Wold-style-definition", "-Wstrict-prototypes", "-Werror=implicit", "-Werror=pointer-to-int-cast", "-fPIC", "-pthread"], "sources": ["/home/minux/Downloads/libfprint/libfprint/drivers/upektc_img.c", "/home/minux/Downloads/libfprint/libfprint/drivers/upek_proto.c", "/home/minux/Downloads/libfprint/libfprint/drivers/vfs5011.c", "/home/minux/Downloads/libfprint/libfprint/drivers/aes3500.c", "/home/minux/Downloads/libfprint/libfprint/drivers/aes4000.c", "/home/minux/Downloads/libfprint/libfprint/drivers/aes1610.c", "/home/minux/Downloads/libfprint/libfprint/drivers/aes1660.c", "/home/minux/Downloads/libfprint/libfprint/drivers/aes2660.c", "/home/minux/Downloads/libfprint/libfprint/drivers/aes2501.c", "/home/minux/Downloads/libfprint/libfprint/drivers/aes2550.c", "/home/minux/Downloads/libfprint/libfprint/drivers/vfs101.c", "/home/minux/Downloads/libfprint/libfprint/drivers/vfs301.c", "/home/minux/Downloads/libfprint/libfprint/drivers/vfs301_proto.c", "/home/minux/Downloads/libfprint/libfprint/drivers/vfs0050.c", "/home/minux/Downloads/libfprint/libfprint/drivers/vfs0090/vfs0090.c", "/home/minux/Downloads/libfprint/libfprint/drivers/etes603.c", "/home/minux/Downloads/libfprint/libfprint/drivers/vcom5s.c", "/home/minux/Downloads/libfprint/libfprint/drivers/synaptics/synaptics.c", "/home/minux/Downloads/libfprint/libfprint/drivers/synaptics/bmkt_message.c", "/home/minux/Downloads/libfprint/libfprint/drivers/elan.c", "/home/minux/Downloads/libfprint/libfprint/drivers/uru4000.c", "/home/minux/Downloads/libfprint/libfprint/drivers/upektc.c", "/home/minux/Downloads/libfprint/libfprint/drivers/upeksonly.c", "/home/minux/Downloads/libfprint/libfprint/drivers/upekts.c", "/home/minux/Downloads/libfprint/libfprint/drivers/aeslib.c", "/home/minux/Downloads/libfprint/libfprint/drivers/aesx660.c", "/home/minux/Downloads/libfprint/libfprint/drivers/aes3k.c", "/home/minux/Downloads/libfprint/_build/libfprint/fpi-drivers.c"], "generated_sources": []}], "subproject": null, "installed": false}, {"name": "fprint-2", "id": "642ed89@@fprint-2@sha", "type": "shared library", "defined_in": "/home/minux/Downloads/libfprint/libfprint/meson.build", "filename": ["/home/minux/Downloads/libfprint/_build/libfprint/libfprint-2.so.2.0.0"], "build_by_default": true, "target_sources": [{"language": "c", "compiler": ["cc"], "parameters": ["-I/home/minux/Downloads/libfprint/_build/libfprint/642ed89@@fprint-2@sha", "-I/home/minux/Downloads/libfprint/_build/libfprint", "-I/home/minux/Downloads/libfprint/libfprint", "-I/home/minux/Downloads/libfprint/_build", "-I/home/minux/Downloads/libfprint", "-I/home/minux/Downloads/libfprint/_build/libfprint/nbis/include", "-I/home/minux/Downloads/libfprint/libfprint/nbis/include", "-I/home/minux/Downloads/libfprint/_build/libfprint/nbis/libfprint-include", "-I/home/minux/Downloads/libfprint/libfprint/nbis/libfprint-include", "-I/usr/include/gio-unix-2.0", "-I/usr/include/glib-2.0", "-I/usr/lib64/glib-2.0/include", "-I/usr/include/libmount", "-I/usr/include/blkid", "-I/usr/include/gusb-1", "-I/usr/include/libusb-1.0", "-I/usr/include/pixman-1", "-I/usr/include/nss3", "-I/usr/include/nspr4", "-fdiagnostics-color=always", "-pipe", "-D_FILE_OFFSET_BITS=64", "-Wall", "-Winvalid-pch", "-std=gnu99", "-O2", "-g", "-Wall", "-Wcast-align", "-Wformat-nonliteral", "-Wformat-security", "-Wformat=2", "-Wignored-qualifiers", "-Wlogical-op", "-Wmissing-declarations", "-Wmissing-format-attribute", "-Wmissing-include-dirs", "-Wmissing-noreturn", "-Wpointer-arith", "-Wshadow", "-Wtype-limits", "-Wundef", "-Wunused", "-Werror=address", "-Werror=array-bounds", "-Werror=empty-body", "-Werror=init-self", "-Werror=int-to-pointer-cast", "-Werror=main", "-Werror=missing-braces", "-Werror=nonnull", "-Werror=redundant-decls", "-Werror=return-type", "-Werror=sequence-point", "-Werror=trigraphs", "-Werror=write-strings", "-fno-strict-aliasing", "-DGLIB_VERSION_MIN_REQUIRED=GLIB_VERSION_2_56", "-DGLIB_VERSION_MAX_ALLOWED=GLIB_VERSION_2_56", "-D_GNU_SOURCE", "-DG_LOG_DOMAIN=\"libfprint\"", "-Wimplicit-function-declaration", "-Wmissing-prototypes", "-Wnested-externs", "-Wold-style-definition", "-Wstrict-prototypes", "-Werror=implicit", "-Werror=pointer-to-int-cast", "-fPIC", "-pthread"], "sources": ["/home/minux/Downloads/libfprint/libfprint/fp-context.c", "/home/minux/Downloads/libfprint/libfprint/fp-device.c", "/home/minux/Downloads/libfprint/libfprint/fp-image.c", "/home/minux/Downloads/libfprint/libfprint/fp-print.c", "/home/minux/Downloads/libfprint/libfprint/fp-image-device.c"], "generated_sources": ["/home/minux/Downloads/libfprint/_build/libfprint/fp-enums.c"]}], "subproject": null, "installed": true, "install_filename": ["/usr/local/lib64/libfprint-2.so.2.0.0", "/usr/local/lib64/libfprint-2.so.2", "/usr/local/lib64/libfprint-2.so"]}, {"name": "fprint-list-udev-rules", "id": "642ed89@@fprint-list-udev-rules@exe", "type": "executable", "defined_in": "/home/minux/Downloads/libfprint/libfprint/meson.build", "filename": ["/home/minux/Downloads/libfprint/_build/libfprint/fprint-list-udev-rules"], "build_by_default": true, "target_sources": [{"language": "c", "compiler": ["cc"], "parameters": ["-I/home/minux/Downloads/libfprint/_build/libfprint/642ed89@@fprint-list-udev-rules@exe", "-I/home/minux/Downloads/libfprint/_build/libfprint", "-I/home/minux/Downloads/libfprint/libfprint", "-I/home/minux/Downloads/libfprint/_build", "-I/home/minux/Downloads/libfprint", "-I/home/minux/Downloads/libfprint/_build/libfprint/nbis/include", "-I/home/minux/Downloads/libfprint/libfprint/nbis/include", "-I/home/minux/Downloads/libfprint/_build/libfprint/nbis/libfprint-include", "-I/home/minux/Downloads/libfprint/libfprint/nbis/libfprint-include", "-I/usr/include/gio-unix-2.0", "-I/usr/include/glib-2.0", "-I/usr/lib64/glib-2.0/include", "-I/usr/include/libmount", "-I/usr/include/blkid", "-I/usr/include/gusb-1", "-I/usr/include/libusb-1.0", "-I/usr/include/pixman-1", "-I/usr/include/nss3", "-I/usr/include/nspr4", "-fdiagnostics-color=always", "-pipe", "-D_FILE_OFFSET_BITS=64", "-Wall", "-Winvalid-pch", "-std=gnu99", "-O2", "-g", "-Wall", "-Wcast-align", "-Wformat-nonliteral", "-Wformat-security", "-Wformat=2", "-Wignored-qualifiers", "-Wlogical-op", "-Wmissing-declarations", "-Wmissing-format-attribute", "-Wmissing-include-dirs", "-Wmissing-noreturn", "-Wpointer-arith", "-Wshadow", "-Wtype-limits", "-Wundef", "-Wunused", "-Werror=address", "-Werror=array-bounds", "-Werror=empty-body", "-Werror=init-self", "-Werror=int-to-pointer-cast", "-Werror=main", "-Werror=missing-braces", "-Werror=nonnull", "-Werror=redundant-decls", "-Werror=return-type", "-Werror=sequence-point", "-Werror=trigraphs", "-Werror=write-strings", "-fno-strict-aliasing", "-DGLIB_VERSION_MIN_REQUIRED=GLIB_VERSION_2_56", "-DGLIB_VERSION_MAX_ALLOWED=GLIB_VERSION_2_56", "-D_GNU_SOURCE", "-DG_LOG_DOMAIN=\"libfprint\"", "-Wimplicit-function-declaration", "-Wmissing-prototypes", "-Wnested-externs", "-Wold-style-definition", "-Wstrict-prototypes", "-Werror=implicit", "-Werror=pointer-to-int-cast", "-pthread"], "sources": ["/home/minux/Downloads/libfprint/libfprint/fprint-list-udev-rules.c"], "generated_sources": []}], "subproject": null, "installed": false}, {"name": "udev-rules", "id": "642ed89@@udev-rules@cus", "type": "custom", "defined_in": "/home/minux/Downloads/libfprint/libfprint/meson.build", "filename": ["/home/minux/Downloads/libfprint/_build/libfprint/60-libfprint-2-autosuspend.rules"], "build_by_default": true, "target_sources": [{"language": "unknown", "compiler": ["fprint-list-udev-rules"], "parameters": [], "sources": [], "generated_sources": []}], "subproject": null, "installed": true, "install_filename": ["/usr/lib/udev/rules.d/60-libfprint-2-autosuspend.rules"]}, {"name": "fprint-list-supported-devices", "id": "642ed89@@fprint-list-supported-devices@exe", "type": "executable", "defined_in": "/home/minux/Downloads/libfprint/libfprint/meson.build", "filename": ["/home/minux/Downloads/libfprint/_build/libfprint/fprint-list-supported-devices"], "build_by_default": true, "target_sources": [{"language": "c", "compiler": ["cc"], "parameters": ["-I/home/minux/Downloads/libfprint/_build/libfprint/642ed89@@fprint-list-supported-devices@exe", "-I/home/minux/Downloads/libfprint/_build/libfprint", "-I/home/minux/Downloads/libfprint/libfprint", "-I/home/minux/Downloads/libfprint/_build", "-I/home/minux/Downloads/libfprint", "-I/home/minux/Downloads/libfprint/_build/libfprint/nbis/include", "-I/home/minux/Downloads/libfprint/libfprint/nbis/include", "-I/home/minux/Downloads/libfprint/_build/libfprint/nbis/libfprint-include", "-I/home/minux/Downloads/libfprint/libfprint/nbis/libfprint-include", "-I/usr/include/gio-unix-2.0", "-I/usr/include/glib-2.0", "-I/usr/lib64/glib-2.0/include", "-I/usr/include/libmount", "-I/usr/include/blkid", "-I/usr/include/gusb-1", "-I/usr/include/libusb-1.0", "-I/usr/include/pixman-1", "-I/usr/include/nss3", "-I/usr/include/nspr4", "-fdiagnostics-color=always", "-pipe", "-D_FILE_OFFSET_BITS=64", "-Wall", "-Winvalid-pch", "-std=gnu99", "-O2", "-g", "-Wall", "-Wcast-align", "-Wformat-nonliteral", "-Wformat-security", "-Wformat=2", "-Wignored-qualifiers", "-Wlogical-op", "-Wmissing-declarations", "-Wmissing-format-attribute", "-Wmissing-include-dirs", "-Wmissing-noreturn", "-Wpointer-arith", "-Wshadow", "-Wtype-limits", "-Wundef", "-Wunused", "-Werror=address", "-Werror=array-bounds", "-Werror=empty-body", "-Werror=init-self", "-Werror=int-to-pointer-cast", "-Werror=main", "-Werror=missing-braces", "-Werror=nonnull", "-Werror=redundant-decls", "-Werror=return-type", "-Werror=sequence-point", "-Werror=trigraphs", "-Werror=write-strings", "-fno-strict-aliasing", "-DGLIB_VERSION_MIN_REQUIRED=GLIB_VERSION_2_56", "-DGLIB_VERSION_MAX_ALLOWED=GLIB_VERSION_2_56", "-D_GNU_SOURCE", "-DG_LOG_DOMAIN=\"libfprint\"", "-Wimplicit-function-declaration", "-Wmissing-prototypes", "-Wnested-externs", "-Wold-style-definition", "-Wstrict-prototypes", "-Werror=implicit", "-Werror=pointer-to-int-cast", "-pthread"], "sources": ["/home/minux/Downloads/libfprint/libfprint/fprint-list-supported-devices.c"], "generated_sources": []}], "subproject": null, "installed": false}, {"name": "FPrint-2.0.gir", "id": "642ed89@@FPrint-2.0.gir@cus", "type": "custom", "defined_in": "/home/minux/Downloads/libfprint/libfprint/meson.build", "filename": ["/home/minux/Downloads/libfprint/_build/libfprint/FPrint-2.0.gir"], "build_by_default": true, "target_sources": [{"language": "unknown", "compiler": ["/usr/bin/g-ir-scanner", "-I/usr/include/gobject-introspection-1.0", "-I/usr/include/glib-2.0", "-I/usr/lib64/glib-2.0/include", "-pthread", "--no-libtool", "--namespace=FPrint", "--nsversion=2.0", "--warn-all", "--output", "@OUTPUT@", "--c-include=fprint.h", "-I/home/minux/Downloads/libfprint/libfprint", "-I/home/minux/Downloads/libfprint/_build/libfprint", "-I@BUILD_ROOT@/.", "-I@SOURCE_ROOT@/.", "-I@BUILD_ROOT@/libfprint/nbis/include", "-I@SOURCE_ROOT@/libfprint/nbis/include", "-I@BUILD_ROOT@/libfprint/nbis/libfprint-include", "-I@SOURCE_ROOT@/libfprint/nbis/libfprint-include", "--filelist=/home/minux/Downloads/libfprint/_build/libfprint/642ed89@@fprint-2@sha/FPrint_2.0_gir_filelist", "-L/home/minux/Downloads/libfprint/_build/libfprint", "-L/home/minux/Downloads/libfprint/_build/libfprint", "--extra-library=fprint-2", "--include=Gio-2.0", "--include=GObject-2.0", "--include=GUsb-1.0", "--symbol-prefix=fp_", "--identifier-prefix=Fp", "--pkg-export=fprint", "--cflags-begin", "-Wall", "-Wcast-align", "-Wformat-nonliteral", "-Wformat-security", "-Wformat=2", "-Wignored-qualifiers", "-Wlogical-op", "-Wmissing-declarations", "-Wmissing-format-attribute", "-Wmissing-include-dirs", "-Wmissing-noreturn", "-Wpointer-arith", "-Wshadow", "-Wtype-limits", "-Wundef", "-Wunused", "-Werror=address", "-Werror=array-bounds", "-Werror=empty-body", "-Werror=init-self", "-Werror=int-to-pointer-cast", "-Werror=main", "-Werror=missing-braces", "-Werror=nonnull", "-Werror=redundant-decls", "-Werror=return-type", "-Werror=sequence-point", "-Werror=trigraphs", "-Werror=write-strings", "-fno-strict-aliasing", "-DGLIB_VERSION_MIN_REQUIRED=GLIB_VERSION_2_56", "-DGLIB_VERSION_MAX_ALLOWED=GLIB_VERSION_2_56", "-D_GNU_SOURCE", "-DG_LOG_DOMAIN=\"libfprint\"", "-Wimplicit-function-declaration", "-Wmissing-prototypes", "-Wnested-externs", "-Wold-style-definition", "-Wstrict-prototypes", "-Werror=implicit", "-Werror=pointer-to-int-cast", "-I@BUILD_ROOT@/.", "-I@SOURCE_ROOT@/.", "-I@BUILD_ROOT@/libfprint/nbis/include", "-I@SOURCE_ROOT@/libfprint/nbis/include", "-I@BUILD_ROOT@/libfprint/nbis/libfprint-include", "-I@SOURCE_ROOT@/libfprint/nbis/libfprint-include", "-I/usr/include/gio-unix-2.0", "-I/usr/include/glib-2.0", "-I/usr/lib64/glib-2.0/include", "-I/usr/include/libmount", "-I/usr/include/blkid", "-I/usr/include/gusb-1", "-I/usr/include/libusb-1.0", "-I/usr/include/pixman-1", "-I/usr/include/nss3", "-I/usr/include/nspr4", "--cflags-end", "--library", "fprint-2", "-L@PRIVATE_OUTDIR_ABS_642ed89@@fprint-2@sha@", "-L/home/minux/Downloads/libfprint/_build/libfprint", "--extra-library=gio-2.0", "--extra-library=gobject-2.0", "--extra-library=glib-2.0", "--extra-library=gusb", "--extra-library=usb-1.0", "--extra-library=pixman-1", "--extra-library=m", "--extra-library=ssl3", "--extra-library=smime3", "--extra-library=nss3", "--extra-library=nssutil3", "--extra-library=plds4", "--extra-library=plc4", "--extra-library=nspr4", "--extra-library=pthread", "--extra-library=dl", "--extra-library=ssl", "--extra-library=crypto", "--sources-top-dirs", "/home/minux/Downloads/libfprint/subprojects/", "--sources-top-dirs", "/home/minux/Downloads/libfprint/_build/subprojects/"], "parameters": [], "sources": [], "generated_sources": []}], "subproject": null, "installed": true, "install_filename": ["/usr/local/share/gir-1.0/FPrint-2.0.gir"]}, {"name": "FPrint-2.0.typelib", "id": "642ed89@@FPrint-2.0.typelib@cus", "type": "custom", "defined_in": "/home/minux/Downloads/libfprint/libfprint/meson.build", "filename": ["/home/minux/Downloads/libfprint/_build/libfprint/FPrint-2.0.typelib"], "build_by_default": true, "target_sources": [{"language": "unknown", "compiler": ["/usr/bin/g-ir-compiler", "FPrint-2.0.gir", "--output", "@OUTPUT@"], "parameters": [], "sources": [], "generated_sources": []}], "subproject": null, "installed": true, "install_filename": ["/usr/local/lib64/girepository-1.0/FPrint-2.0.typelib"]}, {"name": "enroll", "id": "c590b3c@@enroll@exe", "type": "executable", "defined_in": "/home/minux/Downloads/libfprint/examples/meson.build", "filename": ["/home/minux/Downloads/libfprint/_build/examples/enroll"], "build_by_default": true, "target_sources": [{"language": "c", "compiler": ["cc"], "parameters": ["-I/home/minux/Downloads/libfprint/_build/examples/c590b3c@@enroll@exe", "-I/home/minux/Downloads/libfprint/_build/examples", "-I/home/minux/Downloads/libfprint/examples", "-I/home/minux/Downloads/libfprint/_build", "-I/home/minux/Downloads/libfprint", "-I/home/minux/Downloads/libfprint/_build/libfprint", "-I/usr/include/gio-unix-2.0", "-I/usr/include/glib-2.0", "-I/usr/lib64/glib-2.0/include", "-I/usr/include/libmount", "-I/usr/include/blkid", "-I/usr/include/gusb-1", "-I/usr/include/libusb-1.0", "-fdiagnostics-color=always", "-pipe", "-D_FILE_OFFSET_BITS=64", "-Wall", "-Winvalid-pch", "-std=gnu99", "-O2", "-g", "-Wall", "-Wcast-align", "-Wformat-nonliteral", "-Wformat-security", "-Wformat=2", "-Wignored-qualifiers", "-Wlogical-op", "-Wmissing-declarations", "-Wmissing-format-attribute", "-Wmissing-include-dirs", "-Wmissing-noreturn", "-Wpointer-arith", "-Wshadow", "-Wtype-limits", "-Wundef", "-Wunused", "-Werror=address", "-Werror=array-bounds", "-Werror=empty-body", "-Werror=init-self", "-Werror=int-to-pointer-cast", "-Werror=main", "-Werror=missing-braces", "-Werror=nonnull", "-Werror=redundant-decls", "-Werror=return-type", "-Werror=sequence-point", "-Werror=trigraphs", "-Werror=write-strings", "-fno-strict-aliasing", "-DGLIB_VERSION_MIN_REQUIRED=GLIB_VERSION_2_56", "-DGLIB_VERSION_MAX_ALLOWED=GLIB_VERSION_2_56", "-D_GNU_SOURCE", "-DG_LOG_DOMAIN=\"libfprint\"", "-Wimplicit-function-declaration", "-Wmissing-prototypes", "-Wnested-externs", "-Wold-style-definition", "-Wstrict-prototypes", "-Werror=implicit", "-Werror=pointer-to-int-cast", "-pthread"], "sources": ["/home/minux/Downloads/libfprint/examples/enroll.c", "/home/minux/Downloads/libfprint/examples/storage.c", "/home/minux/Downloads/libfprint/examples/utilities.c"], "generated_sources": []}], "subproject": null, "installed": false}, {"name": "verify", "id": "c590b3c@@verify@exe", "type": "executable", "defined_in": "/home/minux/Downloads/libfprint/examples/meson.build", "filename": ["/home/minux/Downloads/libfprint/_build/examples/verify"], "build_by_default": true, "target_sources": [{"language": "c", "compiler": ["cc"], "parameters": ["-I/home/minux/Downloads/libfprint/_build/examples/c590b3c@@verify@exe", "-I/home/minux/Downloads/libfprint/_build/examples", "-I/home/minux/Downloads/libfprint/examples", "-I/home/minux/Downloads/libfprint/_build", "-I/home/minux/Downloads/libfprint", "-I/home/minux/Downloads/libfprint/_build/libfprint", "-I/usr/include/gio-unix-2.0", "-I/usr/include/glib-2.0", "-I/usr/lib64/glib-2.0/include", "-I/usr/include/libmount", "-I/usr/include/blkid", "-I/usr/include/gusb-1", "-I/usr/include/libusb-1.0", "-fdiagnostics-color=always", "-pipe", "-D_FILE_OFFSET_BITS=64", "-Wall", "-Winvalid-pch", "-std=gnu99", "-O2", "-g", "-Wall", "-Wcast-align", "-Wformat-nonliteral", "-Wformat-security", "-Wformat=2", "-Wignored-qualifiers", "-Wlogical-op", "-Wmissing-declarations", "-Wmissing-format-attribute", "-Wmissing-include-dirs", "-Wmissing-noreturn", "-Wpointer-arith", "-Wshadow", "-Wtype-limits", "-Wundef", "-Wunused", "-Werror=address", "-Werror=array-bounds", "-Werror=empty-body", "-Werror=init-self", "-Werror=int-to-pointer-cast", "-Werror=main", "-Werror=missing-braces", "-Werror=nonnull", "-Werror=redundant-decls", "-Werror=return-type", "-Werror=sequence-point", "-Werror=trigraphs", "-Werror=write-strings", "-fno-strict-aliasing", "-DGLIB_VERSION_MIN_REQUIRED=GLIB_VERSION_2_56", "-DGLIB_VERSION_MAX_ALLOWED=GLIB_VERSION_2_56", "-D_GNU_SOURCE", "-DG_LOG_DOMAIN=\"libfprint\"", "-Wimplicit-function-declaration", "-Wmissing-prototypes", "-Wnested-externs", "-Wold-style-definition", "-Wstrict-prototypes", "-Werror=implicit", "-Werror=pointer-to-int-cast", "-pthread"], "sources": ["/home/minux/Downloads/libfprint/examples/verify.c", "/home/minux/Downloads/libfprint/examples/storage.c", "/home/minux/Downloads/libfprint/examples/utilities.c"], "generated_sources": []}], "subproject": null, "installed": false}, {"name": "manage-prints", "id": "c590b3c@@manage-prints@exe", "type": "executable", "defined_in": "/home/minux/Downloads/libfprint/examples/meson.build", "filename": ["/home/minux/Downloads/libfprint/_build/examples/manage-prints"], "build_by_default": true, "target_sources": [{"language": "c", "compiler": ["cc"], "parameters": ["-I/home/minux/Downloads/libfprint/_build/examples/c590b3c@@manage-prints@exe", "-I/home/minux/Downloads/libfprint/_build/examples", "-I/home/minux/Downloads/libfprint/examples", "-I/home/minux/Downloads/libfprint/_build", "-I/home/minux/Downloads/libfprint", "-I/home/minux/Downloads/libfprint/_build/libfprint", "-I/usr/include/gio-unix-2.0", "-I/usr/include/glib-2.0", "-I/usr/lib64/glib-2.0/include", "-I/usr/include/libmount", "-I/usr/include/blkid", "-I/usr/include/gusb-1", "-I/usr/include/libusb-1.0", "-fdiagnostics-color=always", "-pipe", "-D_FILE_OFFSET_BITS=64", "-Wall", "-Winvalid-pch", "-std=gnu99", "-O2", "-g", "-Wall", "-Wcast-align", "-Wformat-nonliteral", "-Wformat-security", "-Wformat=2", "-Wignored-qualifiers", "-Wlogical-op", "-Wmissing-declarations", "-Wmissing-format-attribute", "-Wmissing-include-dirs", "-Wmissing-noreturn", "-Wpointer-arith", "-Wshadow", "-Wtype-limits", "-Wundef", "-Wunused", "-Werror=address", "-Werror=array-bounds", "-Werror=empty-body", "-Werror=init-self", "-Werror=int-to-pointer-cast", "-Werror=main", "-Werror=missing-braces", "-Werror=nonnull", "-Werror=redundant-decls", "-Werror=return-type", "-Werror=sequence-point", "-Werror=trigraphs", "-Werror=write-strings", "-fno-strict-aliasing", "-DGLIB_VERSION_MIN_REQUIRED=GLIB_VERSION_2_56", "-DGLIB_VERSION_MAX_ALLOWED=GLIB_VERSION_2_56", "-D_GNU_SOURCE", "-DG_LOG_DOMAIN=\"libfprint\"", "-Wimplicit-function-declaration", "-Wmissing-prototypes", "-Wnested-externs", "-Wold-style-definition", "-Wstrict-prototypes", "-Werror=implicit", "-Werror=pointer-to-int-cast", "-pthread"], "sources": ["/home/minux/Downloads/libfprint/examples/manage-prints.c", "/home/minux/Downloads/libfprint/examples/storage.c", "/home/minux/Downloads/libfprint/examples/utilities.c"], "generated_sources": []}], "subproject": null, "installed": false}, {"name": "cpp-test", "id": "c590b3c@@cpp-test@exe", "type": "executable", "defined_in": "/home/minux/Downloads/libfprint/examples/meson.build", "filename": ["/home/minux/Downloads/libfprint/_build/examples/cpp-test"], "build_by_default": true, "target_sources": [{"language": "cpp", "compiler": ["c++"], "parameters": ["-I/home/minux/Downloads/libfprint/_build/examples/c590b3c@@cpp-test@exe", "-I/home/minux/Downloads/libfprint/_build/examples", "-I/home/minux/Downloads/libfprint/examples", "-I/home/minux/Downloads/libfprint/_build", "-I/home/minux/Downloads/libfprint", "-I/home/minux/Downloads/libfprint/_build/libfprint", "-I/usr/include/gio-unix-2.0", "-I/usr/include/glib-2.0", "-I/usr/lib64/glib-2.0/include", "-I/usr/include/libmount", "-I/usr/include/blkid", "-I/usr/include/gusb-1", "-I/usr/include/libusb-1.0", "-fdiagnostics-color=always", "-pipe", "-D_FILE_OFFSET_BITS=64", "-Wall", "-Winvalid-pch", "-Wnon-virtual-dtor", "-O2", "-g", "-Wall", "-Wcast-align", "-Wformat-nonliteral", "-Wformat-security", "-Wformat=2", "-Wignored-qualifiers", "-Wlogical-op", "-Wmissing-declarations", "-Wmissing-format-attribute", "-Wmissing-include-dirs", "-Wmissing-noreturn", "-Wpointer-arith", "-Wshadow", "-Wtype-limits", "-Wundef", "-Wunused", "-Werror=address", "-Werror=array-bounds", "-Werror=empty-body", "-Werror=init-self", "-Werror=int-to-pointer-cast", "-Werror=main", "-Werror=missing-braces", "-Werror=nonnull", "-Werror=redundant-decls", "-Werror=return-type", "-Werror=sequence-point", "-Werror=trigraphs", "-Werror=write-strings", "-fno-strict-aliasing", "-DGLIB_VERSION_MIN_REQUIRED=GLIB_VERSION_2_56", "-DGLIB_VERSION_MAX_ALLOWED=GLIB_VERSION_2_56", "-D_GNU_SOURCE", "-DG_LOG_DOMAIN=\"libfprint\"", "-pthread"], "sources": ["/home/minux/Downloads/libfprint/examples/cpp-test.cpp"], "generated_sources": []}], "subproject": null, "installed": false}, {"name": "libfprint-2-doc", "id": "139d544@@libfprint-2-doc@cus", "type": "custom", "defined_in": "/home/minux/Downloads/libfprint/doc/meson.build", "filename": ["/home/minux/Downloads/libfprint/_build/doc/libfprint-2-decl.txt"], "build_by_default": false, "target_sources": [{"language": "unknown", "compiler": ["/usr/bin/meson", "--internal", "gtkdoc", "--sourcedir=/home/minux/Downloads/libfprint", "--builddir=/home/minux/Downloads/libfprint/_build", "--subdir=doc", "--headerdirs=/home/minux/Downloads/libfprint/libfprint", "--mainfile=libfprint-docs.xml", "--modulename=libfprint-2", "--moduleversion=", "--mode=auto", "--gtkdoc-scan=/usr/bin/gtkdoc-scan", "--gtkdoc-scangobj=/usr/bin/gtkdoc-scangobj", "--gtkdoc-mkdb=/usr/bin/gtkdoc-mkdb", "--gtkdoc-mkhtml=/usr/bin/gtkdoc-mkhtml", "--gtkdoc-fixxref=/usr/bin/gtkdoc-fixxref", "--fixxrefargs=--html-dir=share/gtk-doc/html@@--extra-dir=/usr/share/gtk-doc/html/glib@@--extra-dir=/usr/share/gtk-doc/html/gobject", "--content-files=/home/minux/Downloads/libfprint/doc/intro.xml", "--expand-content-files=/home/minux/Downloads/libfprint/doc/intro.xml", "--ignore-headers=config.h@@nbis-helpers.h@@fprint.h@@drivers@@nbis", "--cc=cc", "--ld=cc", "--cflags=-I@BUILD_ROOT@/. -I@SOURCE_ROOT@/. -I/usr/include/gio-unix-2.0 -I/usr/include/glib-2.0 -I/usr/lib64/glib-2.0/include -pthread -I/usr/include/libmount -I/usr/include/blkid -I/usr/include/gusb-1 -I/usr/include/libusb-1.0 -I/usr/include/pixman-1 -I/usr/include/nss3 -I/usr/include/nspr4 -Wall -Wcast-align -Wformat-nonliteral -Wformat-security -Wformat=2 -Wignored-qualifiers -Wlogical-op -Wmissing-declarations -Wmissing-format-attribute -Wmissing-include-dirs -Wmissing-noreturn -Wpointer-arith -Wshadow -Wtype-limits -Wundef -Wunused -Werror=address -Werror=array-bounds -Werror=empty-body -Werror=init-self -Werror=int-to-pointer-cast -Werror=main -Werror=missing-braces -Werror=nonnull -Werror=redundant-decls -Werror=return-type -Werror=sequence-point -Werror=trigraphs -Werror=write-strings -fno-strict-aliasing -DGLIB_VERSION_MIN_REQUIRED=GLIB_VERSION_2_56 -DGLIB_VERSION_MAX_ALLOWED=GLIB_VERSION_2_56 -D_GNU_SOURCE '-DG_LOG_DOMAIN=\"libfprint\"' -Wimplicit-function-declaration -Wmissing-prototypes -Wnested-externs -Wold-style-definition -Wstrict-prototypes -Werror=implicit -Werror=pointer-to-int-cast", "--ldflags=-L/home/minux/Downloads/libfprint/_build/libfprint -Wl,-rpath,/home/minux/Downloads/libfprint/_build/libfprint -lfprint-2 -lgio-2.0 -lgobject-2.0 -lglib-2.0 -lgusb -lusb-1.0 -lpixman-1 -lm -lssl3 -lsmime3 -lnss3 -lnssutil3 -lplds4 -lplc4 -lnspr4 -lpthread -ldl -lssl -lcrypto"], "parameters": [], "sources": [], "generated_sources": []}], "subproject": null, "installed": false}, {"name": "libfprint-2-doc", "id": "139d544@@libfprint-2-doc@run", "type": "run", "defined_in": "/home/minux/Downloads/libfprint/doc/meson.build", "filename": ["/home/minux/Downloads/libfprint/_build/doc/libfprint-2-doc"], "build_by_default": false, "target_sources": [], "subproject": null, "installed": false}, {"name": "fprint-test-utils", "id": "59830eb@@fprint-test-utils@sta", "type": "static library", "defined_in": "/home/minux/Downloads/libfprint/tests/meson.build", "filename": ["/home/minux/Downloads/libfprint/_build/tests/libfprint-test-utils.a"], "build_by_default": true, "target_sources": [{"language": "c", "compiler": ["cc"], "parameters": ["-I/home/minux/Downloads/libfprint/_build/tests/59830eb@@fprint-test-utils@sta", "-I/home/minux/Downloads/libfprint/_build/tests", "-I/home/minux/Downloads/libfprint/tests", "-I/home/minux/Downloads/libfprint/_build/libfprint", "-I/home/minux/Downloads/libfprint/libfprint", "-I/home/minux/Downloads/libfprint/_build", "-I/home/minux/Downloads/libfprint", "-I/home/minux/Downloads/libfprint/_build/libfprint/nbis/include", "-I/home/minux/Downloads/libfprint/libfprint/nbis/include", "-I/home/minux/Downloads/libfprint/_build/libfprint/nbis/libfprint-include", "-I/home/minux/Downloads/libfprint/libfprint/nbis/libfprint-include", "-I/usr/include/gio-unix-2.0", "-I/usr/include/glib-2.0", "-I/usr/lib64/glib-2.0/include", "-I/usr/include/libmount", "-I/usr/include/blkid", "-I/usr/include/gusb-1", "-I/usr/include/libusb-1.0", "-I/usr/include/pixman-1", "-I/usr/include/nss3", "-I/usr/include/nspr4", "-fdiagnostics-color=always", "-pipe", "-D_FILE_OFFSET_BITS=64", "-Wall", "-Winvalid-pch", "-std=gnu99", "-O2", "-g", "-Wall", "-Wcast-align", "-Wformat-nonliteral", "-Wformat-security", "-Wformat=2", "-Wignored-qualifiers", "-Wlogical-op", "-Wmissing-declarations", "-Wmissing-format-attribute", "-Wmissing-include-dirs", "-Wmissing-noreturn", "-Wpointer-arith", "-Wshadow", "-Wtype-limits", "-Wundef", "-Wunused", "-Werror=address", "-Werror=array-bounds", "-Werror=empty-body", "-Werror=init-self", "-Werror=int-to-pointer-cast", "-Werror=main", "-Werror=missing-braces", "-Werror=nonnull", "-Werror=redundant-decls", "-Werror=return-type", "-Werror=sequence-point", "-Werror=trigraphs", "-Werror=write-strings", "-fno-strict-aliasing", "-DGLIB_VERSION_MIN_REQUIRED=GLIB_VERSION_2_56", "-DGLIB_VERSION_MAX_ALLOWED=GLIB_VERSION_2_56", "-D_GNU_SOURCE", "-DG_LOG_DOMAIN=\"libfprint\"", "-Wimplicit-function-declaration", "-Wmissing-prototypes", "-Wnested-externs", "-Wold-style-definition", "-Wstrict-prototypes", "-Werror=implicit", "-Werror=pointer-to-int-cast", "-fPIC", "-pthread"], "sources": ["/home/minux/Downloads/libfprint/tests/test-utils.c", "/home/minux/Downloads/libfprint/tests/test-device-fake.c"], "generated_sources": []}], "subproject": null, "installed": false}, {"name": "test-fpi-device", "id": "59830eb@@test-fpi-device@exe", "type": "executable", "defined_in": "/home/minux/Downloads/libfprint/tests/meson.build", "filename": ["/home/minux/Downloads/libfprint/_build/tests/test-fpi-device"], "build_by_default": true, "target_sources": [{"language": "c", "compiler": ["cc"], "parameters": ["-I/home/minux/Downloads/libfprint/_build/tests/59830eb@@test-fpi-device@exe", "-I/home/minux/Downloads/libfprint/_build/tests", "-I/home/minux/Downloads/libfprint/tests", "-I/home/minux/Downloads/libfprint/_build/libfprint", "-I/home/minux/Downloads/libfprint/libfprint", "-I/home/minux/Downloads/libfprint/_build", "-I/home/minux/Downloads/libfprint", "-I/home/minux/Downloads/libfprint/_build/libfprint/nbis/include", "-I/home/minux/Downloads/libfprint/libfprint/nbis/include", "-I/home/minux/Downloads/libfprint/_build/libfprint/nbis/libfprint-include", "-I/home/minux/Downloads/libfprint/libfprint/nbis/libfprint-include", "-I/usr/include/gio-unix-2.0", "-I/usr/include/glib-2.0", "-I/usr/lib64/glib-2.0/include", "-I/usr/include/libmount", "-I/usr/include/blkid", "-I/usr/include/gusb-1", "-I/usr/include/libusb-1.0", "-I/usr/include/pixman-1", "-I/usr/include/nss3", "-I/usr/include/nspr4", "-fdiagnostics-color=always", "-pipe", "-D_FILE_OFFSET_BITS=64", "-Wall", "-Winvalid-pch", "-std=gnu99", "-O2", "-g", "-Wall", "-Wcast-align", "-Wformat-nonliteral", "-Wformat-security", "-Wformat=2", "-Wignored-qualifiers", "-Wlogical-op", "-Wmissing-declarations", "-Wmissing-format-attribute", "-Wmissing-include-dirs", "-Wmissing-noreturn", "-Wpointer-arith", "-Wshadow", "-Wtype-limits", "-Wundef", "-Wunused", "-Werror=address", "-Werror=array-bounds", "-Werror=empty-body", "-Werror=init-self", "-Werror=int-to-pointer-cast", "-Werror=main", "-Werror=missing-braces", "-Werror=nonnull", "-Werror=redundant-decls", "-Werror=return-type", "-Werror=sequence-point", "-Werror=trigraphs", "-Werror=write-strings", "-fno-strict-aliasing", "-Wimplicit-function-declaration", "-Wmissing-prototypes", "-Wnested-externs", "-Wold-style-definition", "-Wstrict-prototypes", "-Werror=implicit", "-Werror=pointer-to-int-cast", "-pthread", "-Wall", "-Wcast-align", "-Wformat-nonliteral", "-Wformat-security", "-Wformat=2", "-Wignored-qualifiers", "-Wlogical-op", "-Wmissing-declarations", "-Wmissing-format-attribute", "-Wmissing-include-dirs", "-Wmissing-noreturn", "-Wpointer-arith", "-Wshadow", "-Wtype-limits", "-Wundef", "-Wunused", "-Werror=address", "-Werror=array-bounds", "-Werror=empty-body", "-Werror=init-self", "-Werror=int-to-pointer-cast", "-Werror=main", "-Werror=missing-braces", "-Werror=nonnull", "-Werror=redundant-decls", "-Werror=return-type", "-Werror=sequence-point", "-Werror=trigraphs", "-Werror=write-strings", "-fno-strict-aliasing", "-DGLIB_VERSION_MIN_REQUIRED=GLIB_VERSION_2_56", "-DGLIB_VERSION_MAX_ALLOWED=GLIB_VERSION_2_56", "-D_GNU_SOURCE", "-DG_LOG_DOMAIN=\"libfprint\""], "sources": ["/home/minux/Downloads/libfprint/tests/test-fpi-device.c"], "generated_sources": []}], "subproject": null, "installed": false}, {"name": "test-fpi-ssm", "id": "59830eb@@test-fpi-ssm@exe", "type": "executable", "defined_in": "/home/minux/Downloads/libfprint/tests/meson.build", "filename": ["/home/minux/Downloads/libfprint/_build/tests/test-fpi-ssm"], "build_by_default": true, "target_sources": [{"language": "c", "compiler": ["cc"], "parameters": ["-I/home/minux/Downloads/libfprint/_build/tests/59830eb@@test-fpi-ssm@exe", "-I/home/minux/Downloads/libfprint/_build/tests", "-I/home/minux/Downloads/libfprint/tests", "-I/home/minux/Downloads/libfprint/_build/libfprint", "-I/home/minux/Downloads/libfprint/libfprint", "-I/home/minux/Downloads/libfprint/_build", "-I/home/minux/Downloads/libfprint", "-I/home/minux/Downloads/libfprint/_build/libfprint/nbis/include", "-I/home/minux/Downloads/libfprint/libfprint/nbis/include", "-I/home/minux/Downloads/libfprint/_build/libfprint/nbis/libfprint-include", "-I/home/minux/Downloads/libfprint/libfprint/nbis/libfprint-include", "-I/usr/include/gio-unix-2.0", "-I/usr/include/glib-2.0", "-I/usr/lib64/glib-2.0/include", "-I/usr/include/libmount", "-I/usr/include/blkid", "-I/usr/include/gusb-1", "-I/usr/include/libusb-1.0", "-I/usr/include/pixman-1", "-I/usr/include/nss3", "-I/usr/include/nspr4", "-fdiagnostics-color=always", "-pipe", "-D_FILE_OFFSET_BITS=64", "-Wall", "-Winvalid-pch", "-std=gnu99", "-O2", "-g", "-Wall", "-Wcast-align", "-Wformat-nonliteral", "-Wformat-security", "-Wformat=2", "-Wignored-qualifiers", "-Wlogical-op", "-Wmissing-declarations", "-Wmissing-format-attribute", "-Wmissing-include-dirs", "-Wmissing-noreturn", "-Wpointer-arith", "-Wshadow", "-Wtype-limits", "-Wundef", "-Wunused", "-Werror=address", "-Werror=array-bounds", "-Werror=empty-body", "-Werror=init-self", "-Werror=int-to-pointer-cast", "-Werror=main", "-Werror=missing-braces", "-Werror=nonnull", "-Werror=redundant-decls", "-Werror=return-type", "-Werror=sequence-point", "-Werror=trigraphs", "-Werror=write-strings", "-fno-strict-aliasing", "-Wimplicit-function-declaration", "-Wmissing-prototypes", "-Wnested-externs", "-Wold-style-definition", "-Wstrict-prototypes", "-Werror=implicit", "-Werror=pointer-to-int-cast", "-pthread", "-Wall", "-Wcast-align", "-Wformat-nonliteral", "-Wformat-security", "-Wformat=2", "-Wignored-qualifiers", "-Wlogical-op", "-Wmissing-declarations", "-Wmissing-format-attribute", "-Wmissing-include-dirs", "-Wmissing-noreturn", "-Wpointer-arith", "-Wshadow", "-Wtype-limits", "-Wundef", "-Wunused", "-Werror=address", "-Werror=array-bounds", "-Werror=empty-body", "-Werror=init-self", "-Werror=int-to-pointer-cast", "-Werror=main", "-Werror=missing-braces", "-Werror=nonnull", "-Werror=redundant-decls", "-Werror=return-type", "-Werror=sequence-point", "-Werror=trigraphs", "-Werror=write-strings", "-fno-strict-aliasing", "-DGLIB_VERSION_MIN_REQUIRED=GLIB_VERSION_2_56", "-DGLIB_VERSION_MAX_ALLOWED=GLIB_VERSION_2_56", "-D_GNU_SOURCE", "-DG_LOG_DOMAIN=\"libfprint\""], "sources": ["/home/minux/Downloads/libfprint/tests/test-fpi-ssm.c"], "generated_sources": []}], "subproject": null, "installed": false}, {"name": "test-fpi-assembling", "id": "59830eb@@test-fpi-assembling@exe", "type": "executable", "defined_in": "/home/minux/Downloads/libfprint/tests/meson.build", "filename": ["/home/minux/Downloads/libfprint/_build/tests/test-fpi-assembling"], "build_by_default": true, "target_sources": [{"language": "c", "compiler": ["cc"], "parameters": ["-I/home/minux/Downloads/libfprint/_build/tests/59830eb@@test-fpi-assembling@exe", "-I/home/minux/Downloads/libfprint/_build/tests", "-I/home/minux/Downloads/libfprint/tests", "-I/home/minux/Downloads/libfprint/_build/libfprint", "-I/home/minux/Downloads/libfprint/libfprint", "-I/home/minux/Downloads/libfprint/_build", "-I/home/minux/Downloads/libfprint", "-I/home/minux/Downloads/libfprint/_build/libfprint/nbis/include", "-I/home/minux/Downloads/libfprint/libfprint/nbis/include", "-I/home/minux/Downloads/libfprint/_build/libfprint/nbis/libfprint-include", "-I/home/minux/Downloads/libfprint/libfprint/nbis/libfprint-include", "-I/usr/include/gio-unix-2.0", "-I/usr/include/glib-2.0", "-I/usr/lib64/glib-2.0/include", "-I/usr/include/libmount", "-I/usr/include/blkid", "-I/usr/include/gusb-1", "-I/usr/include/libusb-1.0", "-I/usr/include/pixman-1", "-I/usr/include/nss3", "-I/usr/include/nspr4", "-I/usr/include/cairo", "-I/usr/include/freetype2", "-I/usr/include/libpng16", "-fdiagnostics-color=always", "-pipe", "-D_FILE_OFFSET_BITS=64", "-Wall", "-Winvalid-pch", "-std=gnu99", "-O2", "-g", "-Wall", "-Wcast-align", "-Wformat-nonliteral", "-Wformat-security", "-Wformat=2", "-Wignored-qualifiers", "-Wlogical-op", "-Wmissing-declarations", "-Wmissing-format-attribute", "-Wmissing-include-dirs", "-Wmissing-noreturn", "-Wpointer-arith", "-Wshadow", "-Wtype-limits", "-Wundef", "-Wunused", "-Werror=address", "-Werror=array-bounds", "-Werror=empty-body", "-Werror=init-self", "-Werror=int-to-pointer-cast", "-Werror=main", "-Werror=missing-braces", "-Werror=nonnull", "-Werror=redundant-decls", "-Werror=return-type", "-Werror=sequence-point", "-Werror=trigraphs", "-Werror=write-strings", "-fno-strict-aliasing", "-Wimplicit-function-declaration", "-Wmissing-prototypes", "-Wnested-externs", "-Wold-style-definition", "-Wstrict-prototypes", "-Werror=implicit", "-Werror=pointer-to-int-cast", "-pthread", "-Wall", "-Wcast-align", "-Wformat-nonliteral", "-Wformat-security", "-Wformat=2", "-Wignored-qualifiers", "-Wlogical-op", "-Wmissing-declarations", "-Wmissing-format-attribute", "-Wmissing-include-dirs", "-Wmissing-noreturn", "-Wpointer-arith", "-Wshadow", "-Wtype-limits", "-Wundef", "-Wunused", "-Werror=address", "-Werror=array-bounds", "-Werror=empty-body", "-Werror=init-self", "-Werror=int-to-pointer-cast", "-Werror=main", "-Werror=missing-braces", "-Werror=nonnull", "-Werror=redundant-decls", "-Werror=return-type", "-Werror=sequence-point", "-Werror=trigraphs", "-Werror=write-strings", "-fno-strict-aliasing", "-DGLIB_VERSION_MIN_REQUIRED=GLIB_VERSION_2_56", "-DGLIB_VERSION_MAX_ALLOWED=GLIB_VERSION_2_56", "-D_GNU_SOURCE", "-DG_LOG_DOMAIN=\"libfprint\""], "sources": ["/home/minux/Downloads/libfprint/tests/test-fpi-assembling.c"], "generated_sources": []}], "subproject": null, "installed": false}]