{"/home/minux/Downloads/libfprint/_build/libfprint/fp-enums.h": "/usr/local/include/libfprint-2/fp-enums.h", "/home/minux/Downloads/libfprint/_build/libfprint/libfprint-2.so.2.0.0": "/usr/local/lib64/libfprint-2.so.2.0.0", "/home/minux/Downloads/libfprint/_build/libfprint-2.so.2": "/usr/local/lib64/libfprint-2.so.2", "/home/minux/Downloads/libfprint/_build/libfprint-2.so": "/usr/local/lib64/libfprint-2.so", "/home/minux/Downloads/libfprint/_build/libfprint/60-libfprint-2-autosuspend.rules": "/usr/lib/udev/rules.d/60-libfprint-2-autosuspend.rules", "/home/minux/Downloads/libfprint/_build/libfprint/FPrint-2.0.gir": "/usr/local/share/gir-1.0/FPrint-2.0.gir", "/home/minux/Downloads/libfprint/_build/libfprint/FPrint-2.0.typelib": "/usr/local/lib64/girepository-1.0/FPrint-2.0.typelib", "/home/minux/Downloads/libfprint/_build/meson-private/libfprint-2.pc": "/usr/local/lib64/pkgconfig/libfprint-2.pc", "/home/minux/Downloads/libfprint/libfprint/fprint.h": "/usr/local/include/libfprint-2/fprint.h", "/home/minux/Downloads/libfprint/libfprint/fp-context.h": "/usr/local/include/libfprint-2/fp-context.h", "/home/minux/Downloads/libfprint/libfprint/fp-device.h": "/usr/local/include/libfprint-2/fp-device.h", "/home/minux/Downloads/libfprint/libfprint/fp-image-device.h": "/usr/local/include/libfprint-2/fp-image-device.h", "/home/minux/Downloads/libfprint/libfprint/fp-image.h": "/usr/local/include/libfprint-2/fp-image.h", "/home/minux/Downloads/libfprint/libfprint/fp-print.h": "/usr/local/include/libfprint-2/fp-print.h"}