{"meson_version": {"full": "0.54.3", "major": 0, "minor": 54, "patch": 3}, "directories": {"source": "/home/minux/Downloads/libfprint", "build": "/home/minux/Downloads/libfprint/_build", "info": "/home/minux/Downloads/libfprint/_build/meson-info"}, "introspection": {"version": {"full": "1.0.0", "major": 1, "minor": 0, "patch": 0}, "information": {"benchmarks": {"file": "intro-benchmarks.json", "updated": true}, "buildoptions": {"file": "intro-buildoptions.json", "updated": true}, "buildsystem_files": {"file": "intro-buildsystem_files.json", "updated": true}, "dependencies": {"file": "intro-dependencies.json", "updated": true}, "installed": {"file": "intro-installed.json", "updated": true}, "projectinfo": {"file": "intro-projectinfo.json", "updated": true}, "targets": {"file": "intro-targets.json", "updated": true}, "tests": {"file": "intro-tests.json", "updated": true}}}, "build_files_updated": true, "error": false}