<?xml version="1.0"?>
<!DOCTYPE glossary PUBLIC "-//OASIS//DTD DocBook XML V4.3//EN"
               "http://www.oasis-open.org/docbook/xml/4.3/docbookx.dtd"
[
  <!ENTITY % local.common.attrib "xmlns:xi  CDATA  #FIXED 'http://www.w3.org/2003/XInclude'">
]>
<glossary id="annotation-glossary">
  <title>Annotation Glossary</title>
<glossdiv><title>A</title>
    <glossentry>
      <glossterm><anchor id="annotation-glossterm-array"/>array</glossterm>
      <glossdef>
        <para>Parameter points to an array of items.</para>
      </glossdef>
    </glossentry>
</glossdiv>
<glossdiv><title>C</title>
    <glossentry>
      <glossterm><anchor id="annotation-glossterm-closure"/>closure</glossterm>
      <glossdef>
        <para>This parameter is a 'user_data', for callbacks; many bindings can pass NULL here.</para>
      </glossdef>
    </glossentry>
</glossdiv>
<glossdiv><title>D</title>
    <glossentry>
      <glossterm><anchor id="annotation-glossterm-destroy"/>destroy</glossterm>
      <glossdef>
        <para>This parameter is a 'destroy_data', for callbacks.</para>
      </glossdef>
    </glossentry>
</glossdiv>
<glossdiv><title>E</title>
    <glossentry>
      <glossterm><anchor id="annotation-glossterm-element-type"/>element-type</glossterm>
      <glossdef>
        <para>Generics and defining elements of containers and arrays.</para>
      </glossdef>
    </glossentry>
</glossdiv>
<glossdiv><title>N</title>
    <glossentry>
      <glossterm><anchor id="annotation-glossterm-nullable"/>nullable</glossterm>
      <glossdef>
        <para>NULL may be passed as the value in, out, in-out; or as a return value.</para>
      </glossdef>
    </glossentry>
</glossdiv>
<glossdiv><title>O</title>
    <glossentry>
      <glossterm><anchor id="annotation-glossterm-optional"/>optional</glossterm>
      <glossdef>
        <para>NULL may be passed instead of a pointer to a location.</para>
      </glossdef>
    </glossentry>
    <glossentry>
      <glossterm><anchor id="annotation-glossterm-out"/>out</glossterm>
      <glossdef>
        <para>Parameter for returning results. Default is <acronym>transfer full</acronym>.</para>
      </glossdef>
    </glossentry>
</glossdiv>
<glossdiv><title>P</title>
    <glossentry>
      <glossterm><anchor id="annotation-glossterm-Private"/>Private</glossterm>
      <glossdef>
        <para>An interface that can be used within the GNOME stack itself, but that is not
documented for end-users.  Such functions should only be used in specified and
documented ways.
</para>
      </glossdef>
    </glossentry>
</glossdiv>
<glossdiv><title>S</title>
    <glossentry>
      <glossterm><anchor id="annotation-glossterm-scope async"/>scope async</glossterm>
      <glossdef>
        <para>The callback is valid until first called.</para>
      </glossdef>
    </glossentry>
    <glossentry>
      <glossterm><anchor id="annotation-glossterm-scope call"/>scope call</glossterm>
      <glossdef>
        <para>The callback is valid only during the call to the method.</para>
      </glossdef>
    </glossentry>
    <glossentry>
      <glossterm><anchor id="annotation-glossterm-scope notified"/>scope notified</glossterm>
      <glossdef>
        <para>The callback is valid until the GDestroyNotify argument is called.</para>
      </glossdef>
    </glossentry>
</glossdiv>
<glossdiv><title>T</title>
    <glossentry>
      <glossterm><anchor id="annotation-glossterm-transfer container"/>transfer container</glossterm>
      <glossdef>
        <para>Free data container after the code is done.</para>
      </glossdef>
    </glossentry>
    <glossentry>
      <glossterm><anchor id="annotation-glossterm-transfer floating"/>transfer floating</glossterm>
      <glossdef>
        <para>Alias for <acronym>transfer none</acronym>, used for objects with floating refs.</para>
      </glossdef>
    </glossentry>
    <glossentry>
      <glossterm><anchor id="annotation-glossterm-transfer full"/>transfer full</glossterm>
      <glossdef>
        <para>Free data after the code is done.</para>
      </glossdef>
    </glossentry>
    <glossentry>
      <glossterm><anchor id="annotation-glossterm-transfer none"/>transfer none</glossterm>
      <glossdef>
        <para>Don't free data after the code is done.</para>
      </glossdef>
    </glossentry>
    <glossentry>
      <glossterm><anchor id="annotation-glossterm-type"/>type</glossterm>
      <glossdef>
        <para>Override the parsed C type with given type.</para>
      </glossdef>
    </glossentry>
</glossdiv>
</glossary>
