<?xml version="1.0"?>
<!DOCTYPE indexdiv PUBLIC "-//OASIS//DTD DocBook XML V4.3//EN"
               "http://www.oasis-open.org/docbook/xml/4.3/docbookx.dtd"
[
  <!ENTITY % local.common.attrib "xmlns:xi  CDATA  #FIXED 'http://www.w3.org/2003/XInclude'">
]>
<indexdiv id="api-index-full">
<indexdiv><title>B</title>
<indexentry><primaryie linkends="BUG:CAPS"><link linkend="BUG:CAPS">BUG</link>, macro in <link linkend="libfprint-2-Logging">Logging</link></primaryie></indexentry>
<indexentry><primaryie linkends="BUG-ON:CAPS"><link linkend="BUG-ON:CAPS">BUG_ON</link>, macro in <link linkend="libfprint-2-Logging">Logging</link></primaryie></indexentry>
</indexdiv>
<indexdiv><title>C</title>
<indexentry><primaryie linkends="FpContext"><link linkend="FpContext">FpContext</link>, struct in <link linkend="libfprint-2-FpContext">FpContext</link></primaryie></indexentry>
<indexentry><primaryie linkends="FpContextClass"><link linkend="FpContextClass">FpContextClass</link>, struct in <link linkend="libfprint-2-FpContext">FpContext</link></primaryie></indexentry>
<indexentry><primaryie linkends="fp-context-enumerate"><link linkend="fp-context-enumerate">fp_context_enumerate</link>, function in <link linkend="libfprint-2-FpContext">FpContext</link></primaryie></indexentry>
<indexentry><primaryie linkends="fp-context-get-devices"><link linkend="fp-context-get-devices">fp_context_get_devices</link>, function in <link linkend="libfprint-2-FpContext">FpContext</link></primaryie></indexentry>
<indexentry><primaryie linkends="fp-context-new"><link linkend="fp-context-new">fp_context_new</link>, function in <link linkend="libfprint-2-FpContext">FpContext</link></primaryie></indexentry>
</indexdiv>
<indexdiv><title>D</title>
<indexentry><primaryie linkends="fp-dbg"><link linkend="fp-dbg">fp_dbg</link>, macro in <link linkend="libfprint-2-Logging">Logging</link></primaryie></indexentry>
<indexentry><primaryie linkends="FpDevice"><link linkend="FpDevice">FpDevice</link>, struct in <link linkend="libfprint-2-FpDevice">FpDevice</link></primaryie></indexentry>
<indexentry><primaryie linkends="FpDeviceClass"><link linkend="FpDeviceClass">FpDeviceClass</link>, struct in <link linkend="libfprint-2-Internal-FpDevice">Internal FpDevice</link></primaryie></indexentry>
<indexentry><primaryie linkends="FpDeviceError"><link linkend="FpDeviceError">FpDeviceError</link>, enum in <link linkend="libfprint-2-FpDevice">FpDevice</link></primaryie></indexentry>
<indexentry><primaryie linkends="FpDeviceRetry"><link linkend="FpDeviceRetry">FpDeviceRetry</link>, enum in <link linkend="libfprint-2-FpDevice">FpDevice</link></primaryie></indexentry>
<indexentry><primaryie linkends="FpDeviceType"><link linkend="FpDeviceType">FpDeviceType</link>, enum in <link linkend="libfprint-2-FpDevice">FpDevice</link></primaryie></indexentry>
<indexentry><primaryie linkends="fp-device-capture"><link linkend="fp-device-capture">fp_device_capture</link>, function in <link linkend="libfprint-2-FpDevice">FpDevice</link></primaryie></indexentry>
<indexentry><primaryie linkends="fp-device-capture-finish"><link linkend="fp-device-capture-finish">fp_device_capture_finish</link>, function in <link linkend="libfprint-2-FpDevice">FpDevice</link></primaryie></indexentry>
<indexentry><primaryie linkends="fp-device-capture-sync"><link linkend="fp-device-capture-sync">fp_device_capture_sync</link>, function in <link linkend="libfprint-2-FpDevice">FpDevice</link></primaryie></indexentry>
<indexentry><primaryie linkends="fp-device-close"><link linkend="fp-device-close">fp_device_close</link>, function in <link linkend="libfprint-2-FpDevice">FpDevice</link></primaryie></indexentry>
<indexentry><primaryie linkends="fp-device-close-finish"><link linkend="fp-device-close-finish">fp_device_close_finish</link>, function in <link linkend="libfprint-2-FpDevice">FpDevice</link></primaryie></indexentry>
<indexentry><primaryie linkends="fp-device-close-sync"><link linkend="fp-device-close-sync">fp_device_close_sync</link>, function in <link linkend="libfprint-2-FpDevice">FpDevice</link></primaryie></indexentry>
<indexentry><primaryie linkends="fp-device-delete-print"><link linkend="fp-device-delete-print">fp_device_delete_print</link>, function in <link linkend="libfprint-2-FpDevice">FpDevice</link></primaryie></indexentry>
<indexentry><primaryie linkends="fp-device-delete-print-finish"><link linkend="fp-device-delete-print-finish">fp_device_delete_print_finish</link>, function in <link linkend="libfprint-2-FpDevice">FpDevice</link></primaryie></indexentry>
<indexentry><primaryie linkends="fp-device-delete-print-sync"><link linkend="fp-device-delete-print-sync">fp_device_delete_print_sync</link>, function in <link linkend="libfprint-2-FpDevice">FpDevice</link></primaryie></indexentry>
<indexentry><primaryie linkends="fp-device-enroll"><link linkend="fp-device-enroll">fp_device_enroll</link>, function in <link linkend="libfprint-2-FpDevice">FpDevice</link></primaryie></indexentry>
<indexentry><primaryie linkends="fp-device-enroll-finish"><link linkend="fp-device-enroll-finish">fp_device_enroll_finish</link>, function in <link linkend="libfprint-2-FpDevice">FpDevice</link></primaryie></indexentry>
<indexentry><primaryie linkends="fp-device-enroll-sync"><link linkend="fp-device-enroll-sync">fp_device_enroll_sync</link>, function in <link linkend="libfprint-2-FpDevice">FpDevice</link></primaryie></indexentry>
<indexentry><primaryie linkends="FP-DEVICE-ERROR:CAPS"><link linkend="FP-DEVICE-ERROR:CAPS">FP_DEVICE_ERROR</link>, macro in <link linkend="libfprint-2-FpDevice">FpDevice</link></primaryie></indexentry>
<indexentry><primaryie linkends="fp-device-error-quark"><link linkend="fp-device-error-quark">fp_device_error_quark</link>, function in <link linkend="libfprint-2-FpDevice">FpDevice</link></primaryie></indexentry>
<indexentry><primaryie linkends="fp-device-get-device-id"><link linkend="fp-device-get-device-id">fp_device_get_device_id</link>, function in <link linkend="libfprint-2-FpDevice">FpDevice</link></primaryie></indexentry>
<indexentry><primaryie linkends="fp-device-get-driver"><link linkend="fp-device-get-driver">fp_device_get_driver</link>, function in <link linkend="libfprint-2-FpDevice">FpDevice</link></primaryie></indexentry>
<indexentry><primaryie linkends="fp-device-get-name"><link linkend="fp-device-get-name">fp_device_get_name</link>, function in <link linkend="libfprint-2-FpDevice">FpDevice</link></primaryie></indexentry>
<indexentry><primaryie linkends="fp-device-get-nr-enroll-stages"><link linkend="fp-device-get-nr-enroll-stages">fp_device_get_nr_enroll_stages</link>, function in <link linkend="libfprint-2-FpDevice">FpDevice</link></primaryie></indexentry>
<indexentry><primaryie linkends="fp-device-get-scan-type"><link linkend="fp-device-get-scan-type">fp_device_get_scan_type</link>, function in <link linkend="libfprint-2-FpDevice">FpDevice</link></primaryie></indexentry>
<indexentry><primaryie linkends="fp-device-has-storage"><link linkend="fp-device-has-storage">fp_device_has_storage</link>, function in <link linkend="libfprint-2-FpDevice">FpDevice</link></primaryie></indexentry>
<indexentry><primaryie linkends="fp-device-identify"><link linkend="fp-device-identify">fp_device_identify</link>, function in <link linkend="libfprint-2-FpDevice">FpDevice</link></primaryie></indexentry>
<indexentry><primaryie linkends="fp-device-identify-finish"><link linkend="fp-device-identify-finish">fp_device_identify_finish</link>, function in <link linkend="libfprint-2-FpDevice">FpDevice</link></primaryie></indexentry>
<indexentry><primaryie linkends="fp-device-identify-sync"><link linkend="fp-device-identify-sync">fp_device_identify_sync</link>, function in <link linkend="libfprint-2-FpDevice">FpDevice</link></primaryie></indexentry>
<indexentry><primaryie linkends="fp-device-list-prints"><link linkend="fp-device-list-prints">fp_device_list_prints</link>, function in <link linkend="libfprint-2-FpDevice">FpDevice</link></primaryie></indexentry>
<indexentry><primaryie linkends="fp-device-list-prints-finish"><link linkend="fp-device-list-prints-finish">fp_device_list_prints_finish</link>, function in <link linkend="libfprint-2-FpDevice">FpDevice</link></primaryie></indexentry>
<indexentry><primaryie linkends="fp-device-list-prints-sync"><link linkend="fp-device-list-prints-sync">fp_device_list_prints_sync</link>, function in <link linkend="libfprint-2-FpDevice">FpDevice</link></primaryie></indexentry>
<indexentry><primaryie linkends="fp-device-open"><link linkend="fp-device-open">fp_device_open</link>, function in <link linkend="libfprint-2-FpDevice">FpDevice</link></primaryie></indexentry>
<indexentry><primaryie linkends="fp-device-open-finish"><link linkend="fp-device-open-finish">fp_device_open_finish</link>, function in <link linkend="libfprint-2-FpDevice">FpDevice</link></primaryie></indexentry>
<indexentry><primaryie linkends="fp-device-open-sync"><link linkend="fp-device-open-sync">fp_device_open_sync</link>, function in <link linkend="libfprint-2-FpDevice">FpDevice</link></primaryie></indexentry>
<indexentry><primaryie linkends="FP-DEVICE-RETRY:CAPS"><link linkend="FP-DEVICE-RETRY:CAPS">FP_DEVICE_RETRY</link>, macro in <link linkend="libfprint-2-FpDevice">FpDevice</link></primaryie></indexentry>
<indexentry><primaryie linkends="fp-device-retry-quark"><link linkend="fp-device-retry-quark">fp_device_retry_quark</link>, function in <link linkend="libfprint-2-FpDevice">FpDevice</link></primaryie></indexentry>
<indexentry><primaryie linkends="fp-device-supports-capture"><link linkend="fp-device-supports-capture">fp_device_supports_capture</link>, function in <link linkend="libfprint-2-FpDevice">FpDevice</link></primaryie></indexentry>
<indexentry><primaryie linkends="fp-device-supports-identify"><link linkend="fp-device-supports-identify">fp_device_supports_identify</link>, function in <link linkend="libfprint-2-FpDevice">FpDevice</link></primaryie></indexentry>
<indexentry><primaryie linkends="fp-device-verify"><link linkend="fp-device-verify">fp_device_verify</link>, function in <link linkend="libfprint-2-FpDevice">FpDevice</link></primaryie></indexentry>
<indexentry><primaryie linkends="fp-device-verify-finish"><link linkend="fp-device-verify-finish">fp_device_verify_finish</link>, function in <link linkend="libfprint-2-FpDevice">FpDevice</link></primaryie></indexentry>
<indexentry><primaryie linkends="fp-device-verify-sync"><link linkend="fp-device-verify-sync">fp_device_verify_sync</link>, function in <link linkend="libfprint-2-FpDevice">FpDevice</link></primaryie></indexentry>
</indexdiv>
<indexdiv><title>E</title>
<indexentry><primaryie linkends="FpEnrollProgress"><link linkend="FpEnrollProgress">FpEnrollProgress</link>, user_function in <link linkend="libfprint-2-FpDevice">FpDevice</link></primaryie></indexentry>
<indexentry><primaryie linkends="fp-err"><link linkend="fp-err">fp_err</link>, macro in <link linkend="libfprint-2-Logging">Logging</link></primaryie></indexentry>
</indexdiv>
<indexdiv><title>F</title>
<indexentry><primaryie linkends="FpFinger"><link linkend="FpFinger">FpFinger</link>, enum in <link linkend="libfprint-2-FpPrint">FpPrint</link></primaryie></indexentry>
</indexdiv>
<indexdiv><title>I</title>
<indexentry><primaryie linkends="FpIdEntry"><link linkend="FpIdEntry">FpIdEntry</link>, struct in <link linkend="libfprint-2-Internal-FpDevice">Internal FpDevice</link></primaryie></indexentry>
<indexentry><primaryie linkends="FpiDeviceAction"><link linkend="FpiDeviceAction">FpiDeviceAction</link>, enum in <link linkend="libfprint-2-Internal-FpDevice">Internal FpDevice</link></primaryie></indexentry>
<indexentry><primaryie linkends="FpiImageDeviceState"><link linkend="FpiImageDeviceState">FpiImageDeviceState</link>, enum in <link linkend="libfprint-2-Internal-FpImageDevice">Internal FpImageDevice</link></primaryie></indexentry>
<indexentry><primaryie linkends="FpiImageFlags"><link linkend="FpiImageFlags">FpiImageFlags</link>, enum in <link linkend="libfprint-2-Internal-FpImage">Internal FpImage</link></primaryie></indexentry>
<indexentry><primaryie linkends="FpImage"><link linkend="FpImage">FpImage</link>, struct in <link linkend="libfprint-2-Internal-FpImage">Internal FpImage</link></primaryie></indexentry>
<indexentry><primaryie linkends="FpImageDevice"><link linkend="FpImageDevice">FpImageDevice</link>, struct in <link linkend="libfprint-2-FpImageDevice">FpImageDevice</link></primaryie></indexentry>
<indexentry><primaryie linkends="FpImageDeviceClass"><link linkend="FpImageDeviceClass">FpImageDeviceClass</link>, struct in <link linkend="libfprint-2-Internal-FpImageDevice">Internal FpImageDevice</link></primaryie></indexentry>
<indexentry><primaryie linkends="fp-image-detect-minutiae"><link linkend="fp-image-detect-minutiae">fp_image_detect_minutiae</link>, function in <link linkend="libfprint-2-FpImage">FpImage</link></primaryie></indexentry>
<indexentry><primaryie linkends="fp-image-detect-minutiae-finish"><link linkend="fp-image-detect-minutiae-finish">fp_image_detect_minutiae_finish</link>, function in <link linkend="libfprint-2-FpImage">FpImage</link></primaryie></indexentry>
<indexentry><primaryie linkends="fp-image-get-binarized"><link linkend="fp-image-get-binarized">fp_image_get_binarized</link>, function in <link linkend="libfprint-2-FpImage">FpImage</link></primaryie></indexentry>
<indexentry><primaryie linkends="fp-image-get-data"><link linkend="fp-image-get-data">fp_image_get_data</link>, function in <link linkend="libfprint-2-FpImage">FpImage</link></primaryie></indexentry>
<indexentry><primaryie linkends="fp-image-get-height"><link linkend="fp-image-get-height">fp_image_get_height</link>, function in <link linkend="libfprint-2-FpImage">FpImage</link></primaryie></indexentry>
<indexentry><primaryie linkends="fp-image-get-minutiae"><link linkend="fp-image-get-minutiae">fp_image_get_minutiae</link>, function in <link linkend="libfprint-2-FpImage">FpImage</link></primaryie></indexentry>
<indexentry><primaryie linkends="fp-image-get-ppmm"><link linkend="fp-image-get-ppmm">fp_image_get_ppmm</link>, function in <link linkend="libfprint-2-FpImage">FpImage</link></primaryie></indexentry>
<indexentry><primaryie linkends="fp-image-get-width"><link linkend="fp-image-get-width">fp_image_get_width</link>, function in <link linkend="libfprint-2-FpImage">FpImage</link></primaryie></indexentry>
<indexentry><primaryie linkends="fp-image-new"><link linkend="fp-image-new">fp_image_new</link>, function in <link linkend="libfprint-2-FpImage">FpImage</link></primaryie></indexentry>
<indexentry><primaryie linkends="FpiMatchResult"><link linkend="FpiMatchResult">FpiMatchResult</link>, enum in <link linkend="libfprint-2-Internal-FpPrint">Internal FpPrint</link></primaryie></indexentry>
<indexentry><primaryie linkends="fp-info"><link linkend="fp-info">fp_info</link>, macro in <link linkend="libfprint-2-Logging">Logging</link></primaryie></indexentry>
<indexentry><primaryie linkends="FpiPrintType"><link linkend="FpiPrintType">FpiPrintType</link>, enum in <link linkend="libfprint-2-Internal-FpPrint">Internal FpPrint</link></primaryie></indexentry>
<indexentry><primaryie linkends="FpiSsm"><link linkend="FpiSsm">FpiSsm</link>, struct in <link linkend="libfprint-2-Sequential-state-machine">Sequential state machine</link></primaryie></indexentry>
<indexentry><primaryie linkends="FpiSsmCompletedCallback"><link linkend="FpiSsmCompletedCallback">FpiSsmCompletedCallback</link>, user_function in <link linkend="libfprint-2-Sequential-state-machine">Sequential state machine</link></primaryie></indexentry>
<indexentry><primaryie linkends="FpiSsmHandlerCallback"><link linkend="FpiSsmHandlerCallback">FpiSsmHandlerCallback</link>, user_function in <link linkend="libfprint-2-Sequential-state-machine">Sequential state machine</link></primaryie></indexentry>
<indexentry><primaryie linkends="FpiTransferType"><link linkend="FpiTransferType">FpiTransferType</link>, enum in <link linkend="libfprint-2-USB-transfer-helpers">USB transfer helpers</link></primaryie></indexentry>
<indexentry><primaryie linkends="FpiUsbTransfer"><link linkend="FpiUsbTransfer">FpiUsbTransfer</link>, struct in <link linkend="libfprint-2-USB-transfer-helpers">USB transfer helpers</link></primaryie></indexentry>
<indexentry><primaryie linkends="FpiUsbTransferCallback"><link linkend="FpiUsbTransferCallback">FpiUsbTransferCallback</link>, user_function in <link linkend="libfprint-2-USB-transfer-helpers">USB transfer helpers</link></primaryie></indexentry>
<indexentry><primaryie linkends="fpi-assemble-frames"><link linkend="fpi-assemble-frames">fpi_assemble_frames</link>, function in <link linkend="libfprint-2-Image-frame-assembly">Image frame assembly</link></primaryie></indexentry>
<indexentry><primaryie linkends="fpi-assemble-lines"><link linkend="fpi-assemble-lines">fpi_assemble_lines</link>, function in <link linkend="libfprint-2-Image-frame-assembly">Image frame assembly</link></primaryie></indexentry>
<indexentry><primaryie linkends="fpi-device-action-error"><link linkend="fpi-device-action-error">fpi_device_action_error</link>, function in <link linkend="libfprint-2-Internal-FpDevice">Internal FpDevice</link></primaryie></indexentry>
<indexentry><primaryie linkends="fpi-device-action-is-cancelled"><link linkend="fpi-device-action-is-cancelled">fpi_device_action_is_cancelled</link>, function in <link linkend="libfprint-2-Internal-FpDevice">Internal FpDevice</link></primaryie></indexentry>
<indexentry><primaryie linkends="fpi-device-add-timeout"><link linkend="fpi-device-add-timeout">fpi_device_add_timeout</link>, function in <link linkend="libfprint-2-Internal-FpDevice">Internal FpDevice</link></primaryie></indexentry>
<indexentry><primaryie linkends="fpi-device-capture-complete"><link linkend="fpi-device-capture-complete">fpi_device_capture_complete</link>, function in <link linkend="libfprint-2-Internal-FpDevice">Internal FpDevice</link></primaryie></indexentry>
<indexentry><primaryie linkends="fpi-device-close-complete"><link linkend="fpi-device-close-complete">fpi_device_close_complete</link>, function in <link linkend="libfprint-2-Internal-FpDevice">Internal FpDevice</link></primaryie></indexentry>
<indexentry><primaryie linkends="fpi-device-delete-complete"><link linkend="fpi-device-delete-complete">fpi_device_delete_complete</link>, function in <link linkend="libfprint-2-Internal-FpDevice">Internal FpDevice</link></primaryie></indexentry>
<indexentry><primaryie linkends="fpi-device-enroll-complete"><link linkend="fpi-device-enroll-complete">fpi_device_enroll_complete</link>, function in <link linkend="libfprint-2-Internal-FpDevice">Internal FpDevice</link></primaryie></indexentry>
<indexentry><primaryie linkends="fpi-device-enroll-progress"><link linkend="fpi-device-enroll-progress">fpi_device_enroll_progress</link>, function in <link linkend="libfprint-2-Internal-FpDevice">Internal FpDevice</link></primaryie></indexentry>
<indexentry><primaryie linkends="fpi-device-error-new"><link linkend="fpi-device-error-new">fpi_device_error_new</link>, function in <link linkend="libfprint-2-Internal-FpDevice">Internal FpDevice</link></primaryie></indexentry>
<indexentry><primaryie linkends="fpi-device-error-new-msg"><link linkend="fpi-device-error-new-msg">fpi_device_error_new_msg</link>, function in <link linkend="libfprint-2-Internal-FpDevice">Internal FpDevice</link></primaryie></indexentry>
<indexentry><primaryie linkends="fpi-device-get-cancellable"><link linkend="fpi-device-get-cancellable">fpi_device_get_cancellable</link>, function in <link linkend="libfprint-2-Internal-FpDevice">Internal FpDevice</link></primaryie></indexentry>
<indexentry><primaryie linkends="fpi-device-get-capture-data"><link linkend="fpi-device-get-capture-data">fpi_device_get_capture_data</link>, function in <link linkend="libfprint-2-Internal-FpDevice">Internal FpDevice</link></primaryie></indexentry>
<indexentry><primaryie linkends="fpi-device-get-current-action"><link linkend="fpi-device-get-current-action">fpi_device_get_current_action</link>, function in <link linkend="libfprint-2-Internal-FpDevice">Internal FpDevice</link></primaryie></indexentry>
<indexentry><primaryie linkends="fpi-device-get-delete-data"><link linkend="fpi-device-get-delete-data">fpi_device_get_delete_data</link>, function in <link linkend="libfprint-2-Internal-FpDevice">Internal FpDevice</link></primaryie></indexentry>
<indexentry><primaryie linkends="fpi-device-get-driver-data"><link linkend="fpi-device-get-driver-data">fpi_device_get_driver_data</link>, function in <link linkend="libfprint-2-Internal-FpDevice">Internal FpDevice</link></primaryie></indexentry>
<indexentry><primaryie linkends="fpi-device-get-enroll-data"><link linkend="fpi-device-get-enroll-data">fpi_device_get_enroll_data</link>, function in <link linkend="libfprint-2-Internal-FpDevice">Internal FpDevice</link></primaryie></indexentry>
<indexentry><primaryie linkends="fpi-device-get-identify-data"><link linkend="fpi-device-get-identify-data">fpi_device_get_identify_data</link>, function in <link linkend="libfprint-2-Internal-FpDevice">Internal FpDevice</link></primaryie></indexentry>
<indexentry><primaryie linkends="fpi-device-get-usb-device"><link linkend="fpi-device-get-usb-device">fpi_device_get_usb_device</link>, function in <link linkend="libfprint-2-Internal-FpDevice">Internal FpDevice</link></primaryie></indexentry>
<indexentry><primaryie linkends="fpi-device-get-verify-data"><link linkend="fpi-device-get-verify-data">fpi_device_get_verify_data</link>, function in <link linkend="libfprint-2-Internal-FpDevice">Internal FpDevice</link></primaryie></indexentry>
<indexentry><primaryie linkends="fpi-device-get-virtual-env"><link linkend="fpi-device-get-virtual-env">fpi_device_get_virtual_env</link>, function in <link linkend="libfprint-2-Internal-FpDevice">Internal FpDevice</link></primaryie></indexentry>
<indexentry><primaryie linkends="fpi-device-identify-complete"><link linkend="fpi-device-identify-complete">fpi_device_identify_complete</link>, function in <link linkend="libfprint-2-Internal-FpDevice">Internal FpDevice</link></primaryie></indexentry>
<indexentry><primaryie linkends="fpi-device-identify-report"><link linkend="fpi-device-identify-report">fpi_device_identify_report</link>, function in <link linkend="libfprint-2-Internal-FpDevice">Internal FpDevice</link></primaryie></indexentry>
<indexentry><primaryie linkends="fpi-device-open-complete"><link linkend="fpi-device-open-complete">fpi_device_open_complete</link>, function in <link linkend="libfprint-2-Internal-FpDevice">Internal FpDevice</link></primaryie></indexentry>
<indexentry><primaryie linkends="fpi-device-probe-complete"><link linkend="fpi-device-probe-complete">fpi_device_probe_complete</link>, function in <link linkend="libfprint-2-Internal-FpDevice">Internal FpDevice</link></primaryie></indexentry>
<indexentry><primaryie linkends="fpi-device-retry-new"><link linkend="fpi-device-retry-new">fpi_device_retry_new</link>, function in <link linkend="libfprint-2-Internal-FpDevice">Internal FpDevice</link></primaryie></indexentry>
<indexentry><primaryie linkends="fpi-device-retry-new-msg"><link linkend="fpi-device-retry-new-msg">fpi_device_retry_new_msg</link>, function in <link linkend="libfprint-2-Internal-FpDevice">Internal FpDevice</link></primaryie></indexentry>
<indexentry><primaryie linkends="fpi-device-set-nr-enroll-stages"><link linkend="fpi-device-set-nr-enroll-stages">fpi_device_set_nr_enroll_stages</link>, function in <link linkend="libfprint-2-Internal-FpDevice">Internal FpDevice</link></primaryie></indexentry>
<indexentry><primaryie linkends="fpi-device-set-scan-type"><link linkend="fpi-device-set-scan-type">fpi_device_set_scan_type</link>, function in <link linkend="libfprint-2-Internal-FpDevice">Internal FpDevice</link></primaryie></indexentry>
<indexentry><primaryie linkends="fpi-device-verify-complete"><link linkend="fpi-device-verify-complete">fpi_device_verify_complete</link>, function in <link linkend="libfprint-2-Internal-FpDevice">Internal FpDevice</link></primaryie></indexentry>
<indexentry><primaryie linkends="fpi-device-verify-report"><link linkend="fpi-device-verify-report">fpi_device_verify_report</link>, function in <link linkend="libfprint-2-Internal-FpDevice">Internal FpDevice</link></primaryie></indexentry>
<indexentry><primaryie linkends="fpi-do-movement-estimation"><link linkend="fpi-do-movement-estimation">fpi_do_movement_estimation</link>, function in <link linkend="libfprint-2-Image-frame-assembly">Image frame assembly</link></primaryie></indexentry>
<indexentry><primaryie linkends="fpi-frame"><link linkend="fpi-frame">fpi_frame</link>, struct in <link linkend="libfprint-2-Image-frame-assembly">Image frame assembly</link></primaryie></indexentry>
<indexentry><primaryie linkends="fpi-frame-asmbl-ctx"><link linkend="fpi-frame-asmbl-ctx">fpi_frame_asmbl_ctx</link>, struct in <link linkend="libfprint-2-Image-frame-assembly">Image frame assembly</link></primaryie></indexentry>
<indexentry><primaryie linkends="fpi-get-driver-types"><link linkend="fpi-get-driver-types">fpi_get_driver_types</link>, function in <link linkend="libfprint-2-fpi-context">fpi-context</link></primaryie></indexentry>
<indexentry><primaryie linkends="fpi-image-device-activate-complete"><link linkend="fpi-image-device-activate-complete">fpi_image_device_activate_complete</link>, function in <link linkend="libfprint-2-Internal-FpImageDevice">Internal FpImageDevice</link></primaryie></indexentry>
<indexentry><primaryie linkends="fpi-image-device-close-complete"><link linkend="fpi-image-device-close-complete">fpi_image_device_close_complete</link>, function in <link linkend="libfprint-2-Internal-FpImageDevice">Internal FpImageDevice</link></primaryie></indexentry>
<indexentry><primaryie linkends="fpi-image-device-deactivate-complete"><link linkend="fpi-image-device-deactivate-complete">fpi_image_device_deactivate_complete</link>, function in <link linkend="libfprint-2-Internal-FpImageDevice">Internal FpImageDevice</link></primaryie></indexentry>
<indexentry><primaryie linkends="fpi-image-device-image-captured"><link linkend="fpi-image-device-image-captured">fpi_image_device_image_captured</link>, function in <link linkend="libfprint-2-Internal-FpImageDevice">Internal FpImageDevice</link></primaryie></indexentry>
<indexentry><primaryie linkends="fpi-image-device-open-complete"><link linkend="fpi-image-device-open-complete">fpi_image_device_open_complete</link>, function in <link linkend="libfprint-2-Internal-FpImageDevice">Internal FpImageDevice</link></primaryie></indexentry>
<indexentry><primaryie linkends="fpi-image-device-report-finger-status"><link linkend="fpi-image-device-report-finger-status">fpi_image_device_report_finger_status</link>, function in <link linkend="libfprint-2-Internal-FpImageDevice">Internal FpImageDevice</link></primaryie></indexentry>
<indexentry><primaryie linkends="fpi-image-device-retry-scan"><link linkend="fpi-image-device-retry-scan">fpi_image_device_retry_scan</link>, function in <link linkend="libfprint-2-Internal-FpImageDevice">Internal FpImageDevice</link></primaryie></indexentry>
<indexentry><primaryie linkends="fpi-image-device-session-error"><link linkend="fpi-image-device-session-error">fpi_image_device_session_error</link>, function in <link linkend="libfprint-2-Internal-FpImageDevice">Internal FpImageDevice</link></primaryie></indexentry>
<indexentry><primaryie linkends="fpi-image-resize"><link linkend="fpi-image-resize">fpi_image_resize</link>, function in <link linkend="libfprint-2-Internal-FpImage">Internal FpImage</link></primaryie></indexentry>
<indexentry><primaryie linkends="fpi-line-asmbl-ctx"><link linkend="fpi-line-asmbl-ctx">fpi_line_asmbl_ctx</link>, struct in <link linkend="libfprint-2-Image-frame-assembly">Image frame assembly</link></primaryie></indexentry>
<indexentry><primaryie linkends="fpi-mean-sq-diff-norm"><link linkend="fpi-mean-sq-diff-norm">fpi_mean_sq_diff_norm</link>, function in <link linkend="libfprint-2-Internal-FpImage">Internal FpImage</link></primaryie></indexentry>
<indexentry><primaryie linkends="fpi-print-add-from-image"><link linkend="fpi-print-add-from-image">fpi_print_add_from_image</link>, function in <link linkend="libfprint-2-Internal-FpPrint">Internal FpPrint</link></primaryie></indexentry>
<indexentry><primaryie linkends="fpi-print-add-print"><link linkend="fpi-print-add-print">fpi_print_add_print</link>, function in <link linkend="libfprint-2-Internal-FpPrint">Internal FpPrint</link></primaryie></indexentry>
<indexentry><primaryie linkends="fpi-print-bz3-match"><link linkend="fpi-print-bz3-match">fpi_print_bz3_match</link>, function in <link linkend="libfprint-2-Internal-FpPrint">Internal FpPrint</link></primaryie></indexentry>
<indexentry><primaryie linkends="fpi-print-fill-from-user-id"><link linkend="fpi-print-fill-from-user-id">fpi_print_fill_from_user_id</link>, function in <link linkend="libfprint-2-Internal-FpPrint">Internal FpPrint</link></primaryie></indexentry>
<indexentry><primaryie linkends="fpi-print-generate-user-id"><link linkend="fpi-print-generate-user-id">fpi_print_generate_user_id</link>, function in <link linkend="libfprint-2-Internal-FpPrint">Internal FpPrint</link></primaryie></indexentry>
<indexentry><primaryie linkends="fpi-print-set-device-stored"><link linkend="fpi-print-set-device-stored">fpi_print_set_device_stored</link>, function in <link linkend="libfprint-2-Internal-FpPrint">Internal FpPrint</link></primaryie></indexentry>
<indexentry><primaryie linkends="fpi-print-set-type"><link linkend="fpi-print-set-type">fpi_print_set_type</link>, function in <link linkend="libfprint-2-Internal-FpPrint">Internal FpPrint</link></primaryie></indexentry>
<indexentry><primaryie linkends="fpi-ssm-cancel-delayed-state-change"><link linkend="fpi-ssm-cancel-delayed-state-change">fpi_ssm_cancel_delayed_state_change</link>, function in <link linkend="libfprint-2-Sequential-state-machine">Sequential state machine</link></primaryie></indexentry>
<indexentry><primaryie linkends="fpi-ssm-dup-error"><link linkend="fpi-ssm-dup-error">fpi_ssm_dup_error</link>, function in <link linkend="libfprint-2-Sequential-state-machine">Sequential state machine</link></primaryie></indexentry>
<indexentry><primaryie linkends="fpi-ssm-free"><link linkend="fpi-ssm-free">fpi_ssm_free</link>, function in <link linkend="libfprint-2-Sequential-state-machine">Sequential state machine</link></primaryie></indexentry>
<indexentry><primaryie linkends="fpi-ssm-get-cur-state"><link linkend="fpi-ssm-get-cur-state">fpi_ssm_get_cur_state</link>, function in <link linkend="libfprint-2-Sequential-state-machine">Sequential state machine</link></primaryie></indexentry>
<indexentry><primaryie linkends="fpi-ssm-get-data"><link linkend="fpi-ssm-get-data">fpi_ssm_get_data</link>, function in <link linkend="libfprint-2-Sequential-state-machine">Sequential state machine</link></primaryie></indexentry>
<indexentry><primaryie linkends="fpi-ssm-get-error"><link linkend="fpi-ssm-get-error">fpi_ssm_get_error</link>, function in <link linkend="libfprint-2-Sequential-state-machine">Sequential state machine</link></primaryie></indexentry>
<indexentry><primaryie linkends="fpi-ssm-jump-to-state"><link linkend="fpi-ssm-jump-to-state">fpi_ssm_jump_to_state</link>, function in <link linkend="libfprint-2-Sequential-state-machine">Sequential state machine</link></primaryie></indexentry>
<indexentry><primaryie linkends="fpi-ssm-jump-to-state-delayed"><link linkend="fpi-ssm-jump-to-state-delayed">fpi_ssm_jump_to_state_delayed</link>, function in <link linkend="libfprint-2-Sequential-state-machine">Sequential state machine</link></primaryie></indexentry>
<indexentry><primaryie linkends="fpi-ssm-mark-completed"><link linkend="fpi-ssm-mark-completed">fpi_ssm_mark_completed</link>, function in <link linkend="libfprint-2-Sequential-state-machine">Sequential state machine</link></primaryie></indexentry>
<indexentry><primaryie linkends="fpi-ssm-mark-failed"><link linkend="fpi-ssm-mark-failed">fpi_ssm_mark_failed</link>, function in <link linkend="libfprint-2-Sequential-state-machine">Sequential state machine</link></primaryie></indexentry>
<indexentry><primaryie linkends="fpi-ssm-new"><link linkend="fpi-ssm-new">fpi_ssm_new</link>, macro in <link linkend="libfprint-2-Sequential-state-machine">Sequential state machine</link></primaryie></indexentry>
<indexentry><primaryie linkends="fpi-ssm-new-full"><link linkend="fpi-ssm-new-full">fpi_ssm_new_full</link>, function in <link linkend="libfprint-2-Sequential-state-machine">Sequential state machine</link></primaryie></indexentry>
<indexentry><primaryie linkends="fpi-ssm-next-state"><link linkend="fpi-ssm-next-state">fpi_ssm_next_state</link>, function in <link linkend="libfprint-2-Sequential-state-machine">Sequential state machine</link></primaryie></indexentry>
<indexentry><primaryie linkends="fpi-ssm-next-state-delayed"><link linkend="fpi-ssm-next-state-delayed">fpi_ssm_next_state_delayed</link>, function in <link linkend="libfprint-2-Sequential-state-machine">Sequential state machine</link></primaryie></indexentry>
<indexentry><primaryie linkends="fpi-ssm-set-data"><link linkend="fpi-ssm-set-data">fpi_ssm_set_data</link>, function in <link linkend="libfprint-2-Sequential-state-machine">Sequential state machine</link></primaryie></indexentry>
<indexentry><primaryie linkends="fpi-ssm-start"><link linkend="fpi-ssm-start">fpi_ssm_start</link>, function in <link linkend="libfprint-2-Sequential-state-machine">Sequential state machine</link></primaryie></indexentry>
<indexentry><primaryie linkends="fpi-ssm-start-subsm"><link linkend="fpi-ssm-start-subsm">fpi_ssm_start_subsm</link>, function in <link linkend="libfprint-2-Sequential-state-machine">Sequential state machine</link></primaryie></indexentry>
<indexentry><primaryie linkends="fpi-ssm-usb-transfer-cb"><link linkend="fpi-ssm-usb-transfer-cb">fpi_ssm_usb_transfer_cb</link>, function in <link linkend="libfprint-2-Sequential-state-machine">Sequential state machine</link></primaryie></indexentry>
<indexentry><primaryie linkends="fpi-std-sq-dev"><link linkend="fpi-std-sq-dev">fpi_std_sq_dev</link>, function in <link linkend="libfprint-2-Internal-FpImage">Internal FpImage</link></primaryie></indexentry>
<indexentry><primaryie linkends="FPI-USB-ENDPOINT-IN:CAPS"><link linkend="FPI-USB-ENDPOINT-IN:CAPS">FPI_USB_ENDPOINT_IN</link>, macro in <link linkend="libfprint-2-USB-transfer-helpers">USB transfer helpers</link></primaryie></indexentry>
<indexentry><primaryie linkends="FPI-USB-ENDPOINT-OUT:CAPS"><link linkend="FPI-USB-ENDPOINT-OUT:CAPS">FPI_USB_ENDPOINT_OUT</link>, macro in <link linkend="libfprint-2-USB-transfer-helpers">USB transfer helpers</link></primaryie></indexentry>
<indexentry><primaryie linkends="fpi-usb-transfer-fill-bulk"><link linkend="fpi-usb-transfer-fill-bulk">fpi_usb_transfer_fill_bulk</link>, function in <link linkend="libfprint-2-USB-transfer-helpers">USB transfer helpers</link></primaryie></indexentry>
<indexentry><primaryie linkends="fpi-usb-transfer-fill-bulk-full"><link linkend="fpi-usb-transfer-fill-bulk-full">fpi_usb_transfer_fill_bulk_full</link>, function in <link linkend="libfprint-2-USB-transfer-helpers">USB transfer helpers</link></primaryie></indexentry>
<indexentry><primaryie linkends="fpi-usb-transfer-fill-control"><link linkend="fpi-usb-transfer-fill-control">fpi_usb_transfer_fill_control</link>, function in <link linkend="libfprint-2-USB-transfer-helpers">USB transfer helpers</link></primaryie></indexentry>
<indexentry><primaryie linkends="fpi-usb-transfer-fill-interrupt"><link linkend="fpi-usb-transfer-fill-interrupt">fpi_usb_transfer_fill_interrupt</link>, function in <link linkend="libfprint-2-USB-transfer-helpers">USB transfer helpers</link></primaryie></indexentry>
<indexentry><primaryie linkends="fpi-usb-transfer-fill-interrupt-full"><link linkend="fpi-usb-transfer-fill-interrupt-full">fpi_usb_transfer_fill_interrupt_full</link>, function in <link linkend="libfprint-2-USB-transfer-helpers">USB transfer helpers</link></primaryie></indexentry>
<indexentry><primaryie linkends="fpi-usb-transfer-new"><link linkend="fpi-usb-transfer-new">fpi_usb_transfer_new</link>, function in <link linkend="libfprint-2-USB-transfer-helpers">USB transfer helpers</link></primaryie></indexentry>
<indexentry><primaryie linkends="fpi-usb-transfer-ref"><link linkend="fpi-usb-transfer-ref">fpi_usb_transfer_ref</link>, function in <link linkend="libfprint-2-USB-transfer-helpers">USB transfer helpers</link></primaryie></indexentry>
<indexentry><primaryie linkends="fpi-usb-transfer-set-short-error"><link linkend="fpi-usb-transfer-set-short-error">fpi_usb_transfer_set_short_error</link>, function in <link linkend="libfprint-2-USB-transfer-helpers">USB transfer helpers</link></primaryie></indexentry>
<indexentry><primaryie linkends="fpi-usb-transfer-submit"><link linkend="fpi-usb-transfer-submit">fpi_usb_transfer_submit</link>, function in <link linkend="libfprint-2-USB-transfer-helpers">USB transfer helpers</link></primaryie></indexentry>
<indexentry><primaryie linkends="fpi-usb-transfer-submit-sync"><link linkend="fpi-usb-transfer-submit-sync">fpi_usb_transfer_submit_sync</link>, function in <link linkend="libfprint-2-USB-transfer-helpers">USB transfer helpers</link></primaryie></indexentry>
<indexentry><primaryie linkends="fpi-usb-transfer-unref"><link linkend="fpi-usb-transfer-unref">fpi_usb_transfer_unref</link>, function in <link linkend="libfprint-2-USB-transfer-helpers">USB transfer helpers</link></primaryie></indexentry>
</indexdiv>
<indexdiv><title>M</title>
<indexentry><primaryie linkends="FpMatchCb"><link linkend="FpMatchCb">FpMatchCb</link>, user_function in <link linkend="libfprint-2-FpDevice">FpDevice</link></primaryie></indexentry>
<indexentry><primaryie linkends="FpMinutia"><link linkend="FpMinutia">FpMinutia</link>, typedef in <link linkend="libfprint-2-FpImage">FpImage</link></primaryie></indexentry>
<indexentry><primaryie linkends="fp-minutia-get-coords"><link linkend="fp-minutia-get-coords">fp_minutia_get_coords</link>, function in <link linkend="libfprint-2-FpImage">FpImage</link></primaryie></indexentry>
</indexdiv>
<indexdiv><title>P</title>
<indexentry><primaryie linkends="FpPrint"><link linkend="FpPrint">FpPrint</link>, struct in <link linkend="libfprint-2-FpPrint">FpPrint</link></primaryie></indexentry>
<indexentry><primaryie linkends="fp-print-compatible"><link linkend="fp-print-compatible">fp_print_compatible</link>, function in <link linkend="libfprint-2-FpPrint">FpPrint</link></primaryie></indexentry>
<indexentry><primaryie linkends="fp-print-deserialize"><link linkend="fp-print-deserialize">fp_print_deserialize</link>, function in <link linkend="libfprint-2-FpPrint">FpPrint</link></primaryie></indexentry>
<indexentry><primaryie linkends="fp-print-equal"><link linkend="fp-print-equal">fp_print_equal</link>, function in <link linkend="libfprint-2-FpPrint">FpPrint</link></primaryie></indexentry>
<indexentry><primaryie linkends="fp-print-get-description"><link linkend="fp-print-get-description">fp_print_get_description</link>, function in <link linkend="libfprint-2-FpPrint">FpPrint</link></primaryie></indexentry>
<indexentry><primaryie linkends="fp-print-get-device-id"><link linkend="fp-print-get-device-id">fp_print_get_device_id</link>, function in <link linkend="libfprint-2-FpPrint">FpPrint</link></primaryie></indexentry>
<indexentry><primaryie linkends="fp-print-get-device-stored"><link linkend="fp-print-get-device-stored">fp_print_get_device_stored</link>, function in <link linkend="libfprint-2-FpPrint">FpPrint</link></primaryie></indexentry>
<indexentry><primaryie linkends="fp-print-get-driver"><link linkend="fp-print-get-driver">fp_print_get_driver</link>, function in <link linkend="libfprint-2-FpPrint">FpPrint</link></primaryie></indexentry>
<indexentry><primaryie linkends="fp-print-get-enroll-date"><link linkend="fp-print-get-enroll-date">fp_print_get_enroll_date</link>, function in <link linkend="libfprint-2-FpPrint">FpPrint</link></primaryie></indexentry>
<indexentry><primaryie linkends="fp-print-get-finger"><link linkend="fp-print-get-finger">fp_print_get_finger</link>, function in <link linkend="libfprint-2-FpPrint">FpPrint</link></primaryie></indexentry>
<indexentry><primaryie linkends="fp-print-get-image"><link linkend="fp-print-get-image">fp_print_get_image</link>, function in <link linkend="libfprint-2-FpPrint">FpPrint</link></primaryie></indexentry>
<indexentry><primaryie linkends="fp-print-get-username"><link linkend="fp-print-get-username">fp_print_get_username</link>, function in <link linkend="libfprint-2-FpPrint">FpPrint</link></primaryie></indexentry>
<indexentry><primaryie linkends="fp-print-new"><link linkend="fp-print-new">fp_print_new</link>, function in <link linkend="libfprint-2-FpPrint">FpPrint</link></primaryie></indexentry>
<indexentry><primaryie linkends="fp-print-new-from-data"><link linkend="fp-print-new-from-data">fp_print_new_from_data</link>, function in <link linkend="libfprint-2-FpPrint">FpPrint</link></primaryie></indexentry>
<indexentry><primaryie linkends="fp-print-serialize"><link linkend="fp-print-serialize">fp_print_serialize</link>, function in <link linkend="libfprint-2-FpPrint">FpPrint</link></primaryie></indexentry>
<indexentry><primaryie linkends="fp-print-set-description"><link linkend="fp-print-set-description">fp_print_set_description</link>, function in <link linkend="libfprint-2-FpPrint">FpPrint</link></primaryie></indexentry>
<indexentry><primaryie linkends="fp-print-set-enroll-date"><link linkend="fp-print-set-enroll-date">fp_print_set_enroll_date</link>, function in <link linkend="libfprint-2-FpPrint">FpPrint</link></primaryie></indexentry>
<indexentry><primaryie linkends="fp-print-set-finger"><link linkend="fp-print-set-finger">fp_print_set_finger</link>, function in <link linkend="libfprint-2-FpPrint">FpPrint</link></primaryie></indexentry>
<indexentry><primaryie linkends="fp-print-set-username"><link linkend="fp-print-set-username">fp_print_set_username</link>, function in <link linkend="libfprint-2-FpPrint">FpPrint</link></primaryie></indexentry>
<indexentry><primaryie linkends="fp-print-to-data"><link linkend="fp-print-to-data">fp_print_to_data</link>, function in <link linkend="libfprint-2-FpPrint">FpPrint</link></primaryie></indexentry>
</indexdiv>
<indexdiv><title>S</title>
<indexentry><primaryie linkends="FpScanType"><link linkend="FpScanType">FpScanType</link>, enum in <link linkend="libfprint-2-FpDevice">FpDevice</link></primaryie></indexentry>
</indexdiv>
<indexdiv><title>T</title>
<indexentry><primaryie linkends="FpTimeoutFunc"><link linkend="FpTimeoutFunc">FpTimeoutFunc</link>, user_function in <link linkend="libfprint-2-Internal-FpDevice">Internal FpDevice</link></primaryie></indexentry>
<indexentry><primaryie linkends="FP-TYPE-CONTEXT:CAPS"><link linkend="FP-TYPE-CONTEXT:CAPS">FP_TYPE_CONTEXT</link>, macro in <link linkend="libfprint-2-FpContext">FpContext</link></primaryie></indexentry>
<indexentry><primaryie linkends="FP-TYPE-DEVICE:CAPS"><link linkend="FP-TYPE-DEVICE:CAPS">FP_TYPE_DEVICE</link>, macro in <link linkend="libfprint-2-FpDevice">FpDevice</link></primaryie></indexentry>
<indexentry><primaryie linkends="FP-TYPE-IMAGE:CAPS"><link linkend="FP-TYPE-IMAGE:CAPS">FP_TYPE_IMAGE</link>, macro in <link linkend="libfprint-2-FpImage">FpImage</link></primaryie></indexentry>
<indexentry><primaryie linkends="FP-TYPE-IMAGE-DEVICE:CAPS"><link linkend="FP-TYPE-IMAGE-DEVICE:CAPS">FP_TYPE_IMAGE_DEVICE</link>, macro in <link linkend="libfprint-2-FpImageDevice">FpImageDevice</link></primaryie></indexentry>
<indexentry><primaryie linkends="FP-TYPE-PRINT:CAPS"><link linkend="FP-TYPE-PRINT:CAPS">FP_TYPE_PRINT</link>, macro in <link linkend="libfprint-2-FpPrint">FpPrint</link></primaryie></indexentry>
</indexdiv>
<indexdiv><title>W</title>
<indexentry><primaryie linkends="fp-warn"><link linkend="fp-warn">fp_warn</link>, macro in <link linkend="libfprint-2-Logging">Logging</link></primaryie></indexentry>
</indexdiv>
</indexdiv>
