<?xml version="1.0"?>
<!DOCTYPE refentry PUBLIC "-//OASIS//DTD DocBook XML V4.3//EN"
               "http://www.oasis-open.org/docbook/xml/4.3/docbookx.dtd"
[
  <!ENTITY % local.common.attrib "xmlns:xi  CDATA  #FIXED 'http://www.w3.org/2003/XInclude'">
]>
<refentry id="libfprint-2-FpContext">
<refmeta>
<refentrytitle role="top_of_page" id="libfprint-2-FpContext.top_of_page">FpContext</refentrytitle>
<manvolnum>3</manvolnum>
<refmiscinfo>LIBFPRINT-2 Library</refmiscinfo>
</refmeta>
<refnamediv>
<refname>FpContext</refname>
<refpurpose>Discover fingerprint devices</refpurpose>
</refnamediv>

<refsect1 id="libfprint-2-FpContext.functions" role="functions_proto">
<title role="functions_proto.title">Functions</title>
<informaltable pgwide="1" frame="none">
<tgroup cols="2">
<colspec colname="functions_proto_type" colwidth="150px"/>
<colspec colname="functions_proto_name"/>
<tbody>
<row><entry role="function_type"><link linkend="FpContext"><returnvalue>FpContext</returnvalue></link>&#160;*
</entry><entry role="function_name"><link linkend="fp-context-new">fp_context_new</link>&#160;<phrase role="c_punctuation">()</phrase></entry></row>
<row><entry role="function_type"><link linkend="void"><returnvalue>void</returnvalue></link>
</entry><entry role="function_name"><link linkend="fp-context-enumerate">fp_context_enumerate</link>&#160;<phrase role="c_punctuation">()</phrase></entry></row>
<row><entry role="function_type"><link linkend="GPtrArray"><returnvalue>GPtrArray</returnvalue></link>&#160;*
</entry><entry role="function_name"><link linkend="fp-context-get-devices">fp_context_get_devices</link>&#160;<phrase role="c_punctuation">()</phrase></entry></row>

</tbody>
</tgroup>
</informaltable>
</refsect1>
<refsect1 id="libfprint-2-FpContext.other" role="other_proto">
<title role="other_proto.title">Types and Values</title>
<informaltable pgwide="1" frame="none">
<tgroup cols="2">
<colspec colname="other_proto_type" colwidth="150px"/>
<colspec colname="other_proto_name"/>
<tbody>
<row><entry role="define_keyword">#define</entry><entry role="function_name"><link linkend="FP-TYPE-CONTEXT:CAPS">FP_TYPE_CONTEXT</link></entry></row>
<row><entry role="datatype_keyword">struct</entry><entry role="function_name"><link linkend="FpContextClass">FpContextClass</link></entry></row>
<row><entry role="datatype_keyword"></entry><entry role="function_name"><link linkend="FpContext">FpContext</link></entry></row>

</tbody>
</tgroup>
</informaltable>
</refsect1>


<refsect1 id="libfprint-2-FpContext.description" role="desc">
<title role="desc.title">Description</title>
<para>The <link linkend="FpContext"><type>FpContext</type></link> allows you to discover fingerprint scanning hardware. This
is the starting point when integrating libfprint into your software.</para>
<para>The <link linkend="device-added">device-added</link> and device-removed signals allow you to handle devices
that may be hotplugged at runtime.</para>

</refsect1>
<refsect1 id="libfprint-2-FpContext.functions_details" role="details">
<title role="details.title">Functions</title>
<refsect2 id="fp-context-new" role="function">
<title>fp_context_new&#160;()</title>
<indexterm zone="fp-context-new"><primary>fp_context_new</primary></indexterm>
<programlisting language="C"><link linkend="FpContext"><returnvalue>FpContext</returnvalue></link>&#160;*
fp_context_new (<parameter><type>void</type></parameter>);</programlisting>
<para>Create a new <link linkend="FpContext"><type>FpContext</type></link>.</para>
<refsect3 id="fp-context-new.returns" role="returns">
<title>Returns</title>
<para>a newly created <link linkend="FpContext"><type>FpContext</type></link>. </para>
<para><emphasis role="annotation">[<acronym>transfer full</acronym>]</emphasis></para>
</refsect3></refsect2>
<refsect2 id="fp-context-enumerate" role="function">
<title>fp_context_enumerate&#160;()</title>
<indexterm zone="fp-context-enumerate"><primary>fp_context_enumerate</primary></indexterm>
<programlisting language="C"><link linkend="void"><returnvalue>void</returnvalue></link>
fp_context_enumerate (<parameter><link linkend="FpContext"><type>FpContext</type></link> *context</parameter>);</programlisting>
<para>Enumerate all devices. You should call this function exactly once
at startup. Please note that it iterates the mainloop until all
devices are enumerated.</para>
<refsect3 id="fp-context-enumerate.parameters" role="parameters">
<title>Parameters</title>
<informaltable role="parameters_table" pgwide="1" frame="none">
<tgroup cols="3">
<colspec colname="parameters_name" colwidth="150px"/>
<colspec colname="parameters_description"/>
<colspec colname="parameters_annotations" colwidth="200px"/>
<tbody>
<row><entry role="parameter_name"><para>context</para></entry>
<entry role="parameter_description"><para>a <link linkend="FpContext"><type>FpContext</type></link></para></entry>
<entry role="parameter_annotations"></entry></row>
</tbody></tgroup></informaltable>
</refsect3></refsect2>
<refsect2 id="fp-context-get-devices" role="function">
<title>fp_context_get_devices&#160;()</title>
<indexterm zone="fp-context-get-devices"><primary>fp_context_get_devices</primary></indexterm>
<programlisting language="C"><link linkend="GPtrArray"><returnvalue>GPtrArray</returnvalue></link>&#160;*
fp_context_get_devices (<parameter><link linkend="FpContext"><type>FpContext</type></link> *context</parameter>);</programlisting>
<para>Get all devices. <link linkend="fp-context-enumerate"><function>fp_context_enumerate()</function></link> will be called as needed.</para>
<refsect3 id="fp-context-get-devices.parameters" role="parameters">
<title>Parameters</title>
<informaltable role="parameters_table" pgwide="1" frame="none">
<tgroup cols="3">
<colspec colname="parameters_name" colwidth="150px"/>
<colspec colname="parameters_description"/>
<colspec colname="parameters_annotations" colwidth="200px"/>
<tbody>
<row><entry role="parameter_name"><para>context</para></entry>
<entry role="parameter_description"><para>a <link linkend="FpContext"><type>FpContext</type></link></para></entry>
<entry role="parameter_annotations"></entry></row>
</tbody></tgroup></informaltable>
</refsect3><refsect3 id="fp-context-get-devices.returns" role="returns">
<title>Returns</title>
<para>a new <link linkend="GPtrArray"><type>GPtrArray</type></link> of <link linkend="GUsbDevice"><type>GUsbDevice</type></link>'s. </para>
<para><emphasis role="annotation">[<acronym>transfer none</acronym>][<acronym>element-type</acronym> FpDevice]</emphasis></para>
</refsect3></refsect2>

</refsect1>
<refsect1 id="libfprint-2-FpContext.other_details" role="details">
<title role="details.title">Types and Values</title>
<refsect2 id="FP-TYPE-CONTEXT:CAPS" role="macro">
<title>FP_TYPE_CONTEXT</title>
<indexterm zone="FP-TYPE-CONTEXT:CAPS"><primary>FP_TYPE_CONTEXT</primary></indexterm>
<programlisting language="C">#define FP_TYPE_CONTEXT (fp_context_get_type ())
</programlisting>
</refsect2>
<refsect2 id="FpContextClass" role="struct">
<title>struct FpContextClass</title>
<indexterm zone="FpContextClass"><primary>FpContextClass</primary></indexterm>
<programlisting language="C">struct FpContextClass {
  GObjectClass parent_class;

  void         (*device_added)            (FpContext *context,
                                           FpDevice  *device);
  void         (*device_removed)          (FpContext *context,
                                           FpDevice  *device);
};
</programlisting>
<para>Class structure for <link linkend="FpContext"><type>FpContext</type></link> instances.</para>
<refsect3 id="FpContextClass.members" role="struct_members">
<title>Members</title>
<informaltable role="struct_members_table" pgwide="1" frame="none">
<tgroup cols="3">
<colspec colname="struct_members_name" colwidth="300px"/>
<colspec colname="struct_members_description"/>
<colspec colname="struct_members_annotations" colwidth="200px"/>
<tbody>
<row role="member"><entry role="struct_member_name"><para><structfield id="FpContextClass.device-added">device_added</structfield>&#160;()</para></entry>
<entry role="struct_member_description"><para>Called when a new device is added</para></entry>
<entry role="struct_member_annotations"></entry>
</row>
<row role="member"><entry role="struct_member_name"><para><structfield id="FpContextClass.device-removed">device_removed</structfield>&#160;()</para></entry>
<entry role="struct_member_description"><para>Called when a device is removed</para></entry>
<entry role="struct_member_annotations"></entry>
</row>
</tbody></tgroup></informaltable>
</refsect3>
</refsect2>
<refsect2 id="FpContext" role="struct">
<title>FpContext</title>
<indexterm zone="FpContext"><primary>FpContext</primary></indexterm>
<programlisting language="C">typedef struct _FpContext FpContext;</programlisting>
</refsect2>

</refsect1>

</refentry>
