<?xml version="1.0"?>
<!DOCTYPE refentry PUBLIC "-//OASIS//DTD DocBook XML V4.3//EN"
               "http://www.oasis-open.org/docbook/xml/4.3/docbookx.dtd"
[
  <!ENTITY % local.common.attrib "xmlns:xi  CDATA  #FIXED 'http://www.w3.org/2003/XInclude'">
]>
<refentry id="libfprint-2-FpImageDevice">
<refmeta>
<refentrytitle role="top_of_page" id="libfprint-2-FpImageDevice.top_of_page">FpImageDevice</refentrytitle>
<manvolnum>3</manvolnum>
<refmiscinfo>LIBFPRINT-2 Library</refmiscinfo>
</refmeta>
<refnamediv>
<refname>FpImageDevice</refname>
<refpurpose>Image device subclass</refpurpose>
</refnamediv>

<refsect1 id="libfprint-2-FpImageDevice.other" role="other_proto">
<title role="other_proto.title">Types and Values</title>
<informaltable pgwide="1" frame="none">
<tgroup cols="2">
<colspec colname="other_proto_type" colwidth="150px"/>
<colspec colname="other_proto_name"/>
<tbody>
<row><entry role="define_keyword">#define</entry><entry role="function_name"><link linkend="FP-TYPE-IMAGE-DEVICE:CAPS">FP_TYPE_IMAGE_DEVICE</link></entry></row>
<row><entry role="datatype_keyword"></entry><entry role="function_name"><link linkend="FpImageDevice">FpImageDevice</link></entry></row>

</tbody>
</tgroup>
</informaltable>
</refsect1>


<refsect1 id="libfprint-2-FpImageDevice.description" role="desc">
<title role="desc.title">Description</title>
<para>This is a helper class for the commonly found image based devices.</para>

</refsect1>
<refsect1 id="libfprint-2-FpImageDevice.functions_details" role="details">
<title role="details.title">Functions</title>
<para />
</refsect1>
<refsect1 id="libfprint-2-FpImageDevice.other_details" role="details">
<title role="details.title">Types and Values</title>
<refsect2 id="FP-TYPE-IMAGE-DEVICE:CAPS" role="macro">
<title>FP_TYPE_IMAGE_DEVICE</title>
<indexterm zone="FP-TYPE-IMAGE-DEVICE:CAPS"><primary>FP_TYPE_IMAGE_DEVICE</primary></indexterm>
<programlisting language="C">#define FP_TYPE_IMAGE_DEVICE (fp_image_device_get_type ())
</programlisting>
</refsect2>
<refsect2 id="FpImageDevice" role="struct">
<title>FpImageDevice</title>
<indexterm zone="FpImageDevice"><primary>FpImageDevice</primary></indexterm>
<programlisting language="C">typedef struct _FpImageDevice FpImageDevice;</programlisting>
</refsect2>

</refsect1>

</refentry>
