<?xml version="1.0"?>
<!DOCTYPE refentry PUBLIC "-//OASIS//DTD DocBook XML V4.3//EN"
               "http://www.oasis-open.org/docbook/xml/4.3/docbookx.dtd"
[
  <!ENTITY % local.common.attrib "xmlns:xi  CDATA  #FIXED 'http://www.w3.org/2003/XInclude'">
]>
<refentry id="libfprint-2-FpImage">
<refmeta>
<refentrytitle role="top_of_page" id="libfprint-2-FpImage.top_of_page">FpImage</refentrytitle>
<manvolnum>3</manvolnum>
<refmiscinfo>LIBFPRINT-2 Library</refmiscinfo>
</refmeta>
<refnamediv>
<refname>FpImage</refname>
<refpurpose>Internal Image handling routines</refpurpose>
</refnamediv>

<refsect1 id="libfprint-2-FpImage.functions" role="functions_proto">
<title role="functions_proto.title">Functions</title>
<informaltable pgwide="1" frame="none">
<tgroup cols="2">
<colspec colname="functions_proto_type" colwidth="150px"/>
<colspec colname="functions_proto_name"/>
<tbody>
<row><entry role="function_type"><link linkend="FpImage"><returnvalue>FpImage</returnvalue></link>&#160;*
</entry><entry role="function_name"><link linkend="fp-image-new">fp_image_new</link>&#160;<phrase role="c_punctuation">()</phrase></entry></row>
<row><entry role="function_type"><link linkend="guint"><returnvalue>guint</returnvalue></link>
</entry><entry role="function_name"><link linkend="fp-image-get-width">fp_image_get_width</link>&#160;<phrase role="c_punctuation">()</phrase></entry></row>
<row><entry role="function_type"><link linkend="guint"><returnvalue>guint</returnvalue></link>
</entry><entry role="function_name"><link linkend="fp-image-get-height">fp_image_get_height</link>&#160;<phrase role="c_punctuation">()</phrase></entry></row>
<row><entry role="function_type"><link linkend="gdouble"><returnvalue>gdouble</returnvalue></link>
</entry><entry role="function_name"><link linkend="fp-image-get-ppmm">fp_image_get_ppmm</link>&#160;<phrase role="c_punctuation">()</phrase></entry></row>
<row><entry role="function_type"><link linkend="GPtrArray"><returnvalue>GPtrArray</returnvalue></link>&#160;*
</entry><entry role="function_name"><link linkend="fp-image-get-minutiae">fp_image_get_minutiae</link>&#160;<phrase role="c_punctuation">()</phrase></entry></row>
<row><entry role="function_type"><link linkend="void"><returnvalue>void</returnvalue></link>
</entry><entry role="function_name"><link linkend="fp-image-detect-minutiae">fp_image_detect_minutiae</link>&#160;<phrase role="c_punctuation">()</phrase></entry></row>
<row><entry role="function_type"><link linkend="gboolean"><returnvalue>gboolean</returnvalue></link>
</entry><entry role="function_name"><link linkend="fp-image-detect-minutiae-finish">fp_image_detect_minutiae_finish</link>&#160;<phrase role="c_punctuation">()</phrase></entry></row>
<row><entry role="function_type">const <link linkend="guchar"><returnvalue>guchar</returnvalue></link>&#160;*
</entry><entry role="function_name"><link linkend="fp-image-get-data">fp_image_get_data</link>&#160;<phrase role="c_punctuation">()</phrase></entry></row>
<row><entry role="function_type">const <link linkend="guchar"><returnvalue>guchar</returnvalue></link>&#160;*
</entry><entry role="function_name"><link linkend="fp-image-get-binarized">fp_image_get_binarized</link>&#160;<phrase role="c_punctuation">()</phrase></entry></row>
<row><entry role="function_type"><link linkend="void"><returnvalue>void</returnvalue></link>
</entry><entry role="function_name"><link linkend="fp-minutia-get-coords">fp_minutia_get_coords</link>&#160;<phrase role="c_punctuation">()</phrase></entry></row>

</tbody>
</tgroup>
</informaltable>
</refsect1>
<refsect1 id="libfprint-2-FpImage.other" role="other_proto">
<title role="other_proto.title">Types and Values</title>
<informaltable pgwide="1" frame="none">
<tgroup cols="2">
<colspec colname="other_proto_type" colwidth="150px"/>
<colspec colname="other_proto_name"/>
<tbody>
<row><entry role="define_keyword">#define</entry><entry role="function_name"><link linkend="FP-TYPE-IMAGE:CAPS">FP_TYPE_IMAGE</link></entry></row>
<row><entry role="typedef_keyword">typedef</entry><entry role="function_name"><link linkend="FpMinutia">FpMinutia</link></entry></row>
<row><entry role="datatype_keyword"></entry><entry role="function_name"><link linkend="FpImage">FpImage</link></entry></row>

</tbody>
</tgroup>
</informaltable>
</refsect1>


<refsect1 id="libfprint-2-FpImage.description" role="desc">
<title role="desc.title">Description</title>
<para>Some devices will provide the image data corresponding to a print
this object allows accessing this data.</para>

</refsect1>
<refsect1 id="libfprint-2-FpImage.functions_details" role="details">
<title role="details.title">Functions</title>
<refsect2 id="fp-image-new" role="function">
<title>fp_image_new&#160;()</title>
<indexterm zone="fp-image-new"><primary>fp_image_new</primary></indexterm>
<programlisting language="C"><link linkend="FpImage"><returnvalue>FpImage</returnvalue></link>&#160;*
fp_image_new (<parameter><link linkend="gint"><type>gint</type></link> width</parameter>,
              <parameter><link linkend="gint"><type>gint</type></link> height</parameter>);</programlisting>
</refsect2>
<refsect2 id="fp-image-get-width" role="function">
<title>fp_image_get_width&#160;()</title>
<indexterm zone="fp-image-get-width"><primary>fp_image_get_width</primary></indexterm>
<programlisting language="C"><link linkend="guint"><returnvalue>guint</returnvalue></link>
fp_image_get_width (<parameter><link linkend="FpImage"><type>FpImage</type></link> *self</parameter>);</programlisting>
<para>Gets the pixel width of an image.</para>
<refsect3 id="fp-image-get-width.parameters" role="parameters">
<title>Parameters</title>
<informaltable role="parameters_table" pgwide="1" frame="none">
<tgroup cols="3">
<colspec colname="parameters_name" colwidth="150px"/>
<colspec colname="parameters_description"/>
<colspec colname="parameters_annotations" colwidth="200px"/>
<tbody>
<row><entry role="parameter_name"><para>self</para></entry>
<entry role="parameter_description"><para>A <link linkend="FpImage"><type>FpImage</type></link></para></entry>
<entry role="parameter_annotations"></entry></row>
</tbody></tgroup></informaltable>
</refsect3><refsect3 id="fp-image-get-width.returns" role="returns">
<title>Returns</title>
<para> the width of the image</para>
</refsect3></refsect2>
<refsect2 id="fp-image-get-height" role="function">
<title>fp_image_get_height&#160;()</title>
<indexterm zone="fp-image-get-height"><primary>fp_image_get_height</primary></indexterm>
<programlisting language="C"><link linkend="guint"><returnvalue>guint</returnvalue></link>
fp_image_get_height (<parameter><link linkend="FpImage"><type>FpImage</type></link> *self</parameter>);</programlisting>
<para>Gets the pixel height of an image.</para>
<refsect3 id="fp-image-get-height.parameters" role="parameters">
<title>Parameters</title>
<informaltable role="parameters_table" pgwide="1" frame="none">
<tgroup cols="3">
<colspec colname="parameters_name" colwidth="150px"/>
<colspec colname="parameters_description"/>
<colspec colname="parameters_annotations" colwidth="200px"/>
<tbody>
<row><entry role="parameter_name"><para>self</para></entry>
<entry role="parameter_description"><para>A <link linkend="FpImage"><type>FpImage</type></link></para></entry>
<entry role="parameter_annotations"></entry></row>
</tbody></tgroup></informaltable>
</refsect3><refsect3 id="fp-image-get-height.returns" role="returns">
<title>Returns</title>
<para> the height of the image</para>
</refsect3></refsect2>
<refsect2 id="fp-image-get-ppmm" role="function">
<title>fp_image_get_ppmm&#160;()</title>
<indexterm zone="fp-image-get-ppmm"><primary>fp_image_get_ppmm</primary></indexterm>
<programlisting language="C"><link linkend="gdouble"><returnvalue>gdouble</returnvalue></link>
fp_image_get_ppmm (<parameter><link linkend="FpImage"><type>FpImage</type></link> *self</parameter>);</programlisting>
<para>Gets the resolution of the image. Note that this is assumed to
be fixed to 500 points per inch (~19.685 p/mm) for most drivers.</para>
<refsect3 id="fp-image-get-ppmm.parameters" role="parameters">
<title>Parameters</title>
<informaltable role="parameters_table" pgwide="1" frame="none">
<tgroup cols="3">
<colspec colname="parameters_name" colwidth="150px"/>
<colspec colname="parameters_description"/>
<colspec colname="parameters_annotations" colwidth="200px"/>
<tbody>
<row><entry role="parameter_name"><para>self</para></entry>
<entry role="parameter_description"><para>A <link linkend="FpImage"><type>FpImage</type></link></para></entry>
<entry role="parameter_annotations"></entry></row>
</tbody></tgroup></informaltable>
</refsect3><refsect3 id="fp-image-get-ppmm.returns" role="returns">
<title>Returns</title>
<para> the resolution of the image in points per millimeter</para>
</refsect3></refsect2>
<refsect2 id="fp-image-get-minutiae" role="function">
<title>fp_image_get_minutiae&#160;()</title>
<indexterm zone="fp-image-get-minutiae"><primary>fp_image_get_minutiae</primary></indexterm>
<programlisting language="C"><link linkend="GPtrArray"><returnvalue>GPtrArray</returnvalue></link>&#160;*
fp_image_get_minutiae (<parameter><link linkend="FpImage"><type>FpImage</type></link> *self</parameter>);</programlisting>
<para>Gets the minutiae for an image. This data must not be modified or
freed. You need to first detect the minutiae using
<link linkend="fp-image-detect-minutiae"><function>fp_image_detect_minutiae()</function></link>.</para>
<refsect3 id="fp-image-get-minutiae.parameters" role="parameters">
<title>Parameters</title>
<informaltable role="parameters_table" pgwide="1" frame="none">
<tgroup cols="3">
<colspec colname="parameters_name" colwidth="150px"/>
<colspec colname="parameters_description"/>
<colspec colname="parameters_annotations" colwidth="200px"/>
<tbody>
<row><entry role="parameter_name"><para>self</para></entry>
<entry role="parameter_description"><para>A <link linkend="FpImage"><type>FpImage</type></link></para></entry>
<entry role="parameter_annotations"></entry></row>
</tbody></tgroup></informaltable>
</refsect3><refsect3 id="fp-image-get-minutiae.returns" role="returns">
<title>Returns</title>
<para>The detected minutiae. </para>
<para><emphasis role="annotation">[<acronym>transfer none</acronym>][<acronym>element-type</acronym> FpMinutia]</emphasis></para>
</refsect3></refsect2>
<refsect2 id="fp-image-detect-minutiae" role="function">
<title>fp_image_detect_minutiae&#160;()</title>
<indexterm zone="fp-image-detect-minutiae"><primary>fp_image_detect_minutiae</primary></indexterm>
<programlisting language="C"><link linkend="void"><returnvalue>void</returnvalue></link>
fp_image_detect_minutiae (<parameter><link linkend="FpImage"><type>FpImage</type></link> *self</parameter>,
                          <parameter><link linkend="GCancellable"><type>GCancellable</type></link> *cancellable</parameter>,
                          <parameter><link linkend="GAsyncReadyCallback"><type>GAsyncReadyCallback</type></link> callback</parameter>,
                          <parameter><link linkend="gpointer"><type>gpointer</type></link> user_data</parameter>);</programlisting>
<para>Detects the minutiae found in an image.</para>
<refsect3 id="fp-image-detect-minutiae.parameters" role="parameters">
<title>Parameters</title>
<informaltable role="parameters_table" pgwide="1" frame="none">
<tgroup cols="3">
<colspec colname="parameters_name" colwidth="150px"/>
<colspec colname="parameters_description"/>
<colspec colname="parameters_annotations" colwidth="200px"/>
<tbody>
<row><entry role="parameter_name"><para>self</para></entry>
<entry role="parameter_description"><para>A <link linkend="FpImage"><type>FpImage</type></link></para></entry>
<entry role="parameter_annotations"></entry></row>
<row><entry role="parameter_name"><para>cancellable</para></entry>
<entry role="parameter_description"><para>a <link linkend="GCancellable"><type>GCancellable</type></link>, or <link linkend="NULL:CAPS"><literal>NULL</literal></link></para></entry>
<entry role="parameter_annotations"></entry></row>
<row><entry role="parameter_name"><para>callback</para></entry>
<entry role="parameter_description"><para>the function to call on completion</para></entry>
<entry role="parameter_annotations"></entry></row>
<row><entry role="parameter_name"><para>user_data</para></entry>
<entry role="parameter_description"><para>the data to pass to <parameter>callback</parameter>
</para></entry>
<entry role="parameter_annotations"></entry></row>
</tbody></tgroup></informaltable>
</refsect3></refsect2>
<refsect2 id="fp-image-detect-minutiae-finish" role="function">
<title>fp_image_detect_minutiae_finish&#160;()</title>
<indexterm zone="fp-image-detect-minutiae-finish"><primary>fp_image_detect_minutiae_finish</primary></indexterm>
<programlisting language="C"><link linkend="gboolean"><returnvalue>gboolean</returnvalue></link>
fp_image_detect_minutiae_finish (<parameter><link linkend="FpImage"><type>FpImage</type></link> *self</parameter>,
                                 <parameter><link linkend="GAsyncResult"><type>GAsyncResult</type></link> *result</parameter>,
                                 <parameter><link linkend="GError"><type>GError</type></link> **error</parameter>);</programlisting>
<para>Finish minutiae detection in an image</para>
<refsect3 id="fp-image-detect-minutiae-finish.parameters" role="parameters">
<title>Parameters</title>
<informaltable role="parameters_table" pgwide="1" frame="none">
<tgroup cols="3">
<colspec colname="parameters_name" colwidth="150px"/>
<colspec colname="parameters_description"/>
<colspec colname="parameters_annotations" colwidth="200px"/>
<tbody>
<row><entry role="parameter_name"><para>self</para></entry>
<entry role="parameter_description"><para>A <link linkend="FpImage"><type>FpImage</type></link></para></entry>
<entry role="parameter_annotations"></entry></row>
<row><entry role="parameter_name"><para>result</para></entry>
<entry role="parameter_description"><para>A <link linkend="GAsyncResult"><type>GAsyncResult</type></link></para></entry>
<entry role="parameter_annotations"></entry></row>
<row><entry role="parameter_name"><para>error</para></entry>
<entry role="parameter_description"><para>Return location for errors, or <link linkend="NULL:CAPS"><literal>NULL</literal></link> to ignore</para></entry>
<entry role="parameter_annotations"></entry></row>
</tbody></tgroup></informaltable>
</refsect3><refsect3 id="fp-image-detect-minutiae-finish.returns" role="returns">
<title>Returns</title>
<para> <link linkend="TRUE:CAPS"><literal>TRUE</literal></link> on success</para>
</refsect3></refsect2>
<refsect2 id="fp-image-get-data" role="function">
<title>fp_image_get_data&#160;()</title>
<indexterm zone="fp-image-get-data"><primary>fp_image_get_data</primary></indexterm>
<programlisting language="C">const <link linkend="guchar"><returnvalue>guchar</returnvalue></link>&#160;*
fp_image_get_data (<parameter><link linkend="FpImage"><type>FpImage</type></link> *self</parameter>,
                   <parameter><link linkend="gsize"><type>gsize</type></link> *len</parameter>);</programlisting>
<para>Gets the greyscale data for an image. This data must not be modified or
freed.</para>
<refsect3 id="fp-image-get-data.parameters" role="parameters">
<title>Parameters</title>
<informaltable role="parameters_table" pgwide="1" frame="none">
<tgroup cols="3">
<colspec colname="parameters_name" colwidth="150px"/>
<colspec colname="parameters_description"/>
<colspec colname="parameters_annotations" colwidth="200px"/>
<tbody>
<row><entry role="parameter_name"><para>self</para></entry>
<entry role="parameter_description"><para>A <link linkend="FpImage"><type>FpImage</type></link></para></entry>
<entry role="parameter_annotations"></entry></row>
<row><entry role="parameter_name"><para>len</para></entry>
<entry role="parameter_description"><para>Return location for length or <link linkend="NULL:CAPS"><literal>NULL</literal></link>. </para></entry>
<entry role="parameter_annotations"><emphasis role="annotation">[<acronym>out</acronym>][<acronym>optional</acronym>]</emphasis></entry></row>
</tbody></tgroup></informaltable>
</refsect3><refsect3 id="fp-image-get-data.returns" role="returns">
<title>Returns</title>
<para>The image data. </para>
<para><emphasis role="annotation">[<acronym>transfer none</acronym>][<acronym>array</acronym> length=len]</emphasis></para>
</refsect3></refsect2>
<refsect2 id="fp-image-get-binarized" role="function">
<title>fp_image_get_binarized&#160;()</title>
<indexterm zone="fp-image-get-binarized"><primary>fp_image_get_binarized</primary></indexterm>
<programlisting language="C">const <link linkend="guchar"><returnvalue>guchar</returnvalue></link>&#160;*
fp_image_get_binarized (<parameter><link linkend="FpImage"><type>FpImage</type></link> *self</parameter>,
                        <parameter><link linkend="gsize"><type>gsize</type></link> *len</parameter>);</programlisting>
<para>Gets the binarized data for an image. This data must not be modified or
freed. You need to first detect the minutiae using
<link linkend="fp-image-detect-minutiae"><function>fp_image_detect_minutiae()</function></link>.</para>
<refsect3 id="fp-image-get-binarized.parameters" role="parameters">
<title>Parameters</title>
<informaltable role="parameters_table" pgwide="1" frame="none">
<tgroup cols="3">
<colspec colname="parameters_name" colwidth="150px"/>
<colspec colname="parameters_description"/>
<colspec colname="parameters_annotations" colwidth="200px"/>
<tbody>
<row><entry role="parameter_name"><para>self</para></entry>
<entry role="parameter_description"><para>A <link linkend="FpImage"><type>FpImage</type></link></para></entry>
<entry role="parameter_annotations"></entry></row>
<row><entry role="parameter_name"><para>len</para></entry>
<entry role="parameter_description"><para>Return location for length or <link linkend="NULL:CAPS"><literal>NULL</literal></link>. </para></entry>
<entry role="parameter_annotations"><emphasis role="annotation">[<acronym>out</acronym>][<acronym>optional</acronym>]</emphasis></entry></row>
</tbody></tgroup></informaltable>
</refsect3><refsect3 id="fp-image-get-binarized.returns" role="returns">
<title>Returns</title>
<para>The binarized image data. </para>
<para><emphasis role="annotation">[<acronym>transfer none</acronym>][<acronym>array</acronym> length=len]</emphasis></para>
</refsect3></refsect2>
<refsect2 id="fp-minutia-get-coords" role="function">
<title>fp_minutia_get_coords&#160;()</title>
<indexterm zone="fp-minutia-get-coords"><primary>fp_minutia_get_coords</primary></indexterm>
<programlisting language="C"><link linkend="void"><returnvalue>void</returnvalue></link>
fp_minutia_get_coords (<parameter><link linkend="FpMinutia"><type>FpMinutia</type></link> *min</parameter>,
                       <parameter><link linkend="gint"><type>gint</type></link> *x</parameter>,
                       <parameter><link linkend="gint"><type>gint</type></link> *y</parameter>);</programlisting>
<para>Returns the coordinates of the found minutia. This is only useful for
debugging purposes and the API is not considered stable for production.</para>
<refsect3 id="fp-minutia-get-coords.parameters" role="parameters">
<title>Parameters</title>
<informaltable role="parameters_table" pgwide="1" frame="none">
<tgroup cols="3">
<colspec colname="parameters_name" colwidth="150px"/>
<colspec colname="parameters_description"/>
<colspec colname="parameters_annotations" colwidth="200px"/>
<tbody>
<row><entry role="parameter_name"><para>min</para></entry>
<entry role="parameter_description"><para>A <link linkend="FpMinutia"><type>FpMinutia</type></link></para></entry>
<entry role="parameter_annotations"></entry></row>
<row><entry role="parameter_name"><para>x</para></entry>
<entry role="parameter_description"><para>x position in image. </para></entry>
<entry role="parameter_annotations"><emphasis role="annotation">[<acronym>out</acronym>]</emphasis></entry></row>
<row><entry role="parameter_name"><para>y</para></entry>
<entry role="parameter_description"><para>y position in image. </para></entry>
<entry role="parameter_annotations"><emphasis role="annotation">[<acronym>out</acronym>]</emphasis></entry></row>
</tbody></tgroup></informaltable>
</refsect3></refsect2>

</refsect1>
<refsect1 id="libfprint-2-FpImage.other_details" role="details">
<title role="details.title">Types and Values</title>
<refsect2 id="FP-TYPE-IMAGE:CAPS" role="macro">
<title>FP_TYPE_IMAGE</title>
<indexterm zone="FP-TYPE-IMAGE:CAPS"><primary>FP_TYPE_IMAGE</primary></indexterm>
<programlisting language="C">#define FP_TYPE_IMAGE (fp_image_get_type ())
</programlisting>
</refsect2>
<refsect2 id="FpMinutia" role="typedef">
<title>FpMinutia</title>
<indexterm zone="FpMinutia"><primary>FpMinutia</primary></indexterm>
<programlisting language="C">typedef struct fp_minutia FpMinutia;
</programlisting>
</refsect2>
<refsect2 id="FpImage" role="struct">
<title>FpImage</title>
<indexterm zone="FpImage"><primary>FpImage</primary></indexterm>
<programlisting language="C">typedef struct {
  guint         width;
  guint         height;

  gdouble       ppmm;

  FpiImageFlags flags;
} FpImage;
</programlisting>
<para>Structure holding an image. The public fields are only public for internal
use by the drivers.</para>
<refsect3 id="FpImage.members" role="struct_members">
<title>Members</title>
<informaltable role="struct_members_table" pgwide="1" frame="none">
<tgroup cols="3">
<colspec colname="struct_members_name" colwidth="300px"/>
<colspec colname="struct_members_description"/>
<colspec colname="struct_members_annotations" colwidth="200px"/>
<tbody>
<row role="member"><entry role="struct_member_name"><para><link linkend="guint"><type>guint</type></link>&#160;<structfield id="FpImage.width">width</structfield>;</para></entry>
<entry role="struct_member_description"><para>Width of the image</para></entry>
<entry role="struct_member_annotations"></entry>
</row>
<row role="member"><entry role="struct_member_name"><para><link linkend="guint"><type>guint</type></link>&#160;<structfield id="FpImage.height">height</structfield>;</para></entry>
<entry role="struct_member_description"><para>Height of the image</para></entry>
<entry role="struct_member_annotations"></entry>
</row>
<row role="member"><entry role="struct_member_name"><para><link linkend="gdouble"><type>gdouble</type></link>&#160;<structfield id="FpImage.ppmm">ppmm</structfield>;</para></entry>
<entry role="struct_member_description"><para>Pixels per millimeter</para></entry>
<entry role="struct_member_annotations"></entry>
</row>
<row role="member"><entry role="struct_member_name"><para><link linkend="FpiImageFlags"><type>FpiImageFlags</type></link>&#160;<structfield id="FpImage.flags">flags</structfield>;</para></entry>
<entry role="struct_member_description"><para><link linkend="FpiImageFlags"><type>FpiImageFlags</type></link> for required normalization</para></entry>
<entry role="struct_member_annotations"></entry>
</row>
</tbody></tgroup></informaltable>
</refsect3>
</refsect2>

</refsect1>

</refentry>
